-- phpMyAdmin SQL Dump
-- version 3.3.9
-- http://www.phpmyadmin.net
--
-- Host: localhost
-- Generation Time: May 14, 2016 at 06:02 AM
-- Server version: 5.1.53
-- PHP Version: 5.3.4

SET SQL_MODE="NO_AUTO_VALUE_ON_ZERO";


/*!40101 SET @OLD_CHARACTER_SET_CLIENT=@@CHARACTER_SET_CLIENT */;
/*!40101 SET @OLD_CHARACTER_SET_RESULTS=@@CHARACTER_SET_RESULTS */;
/*!40101 SET @OLD_COLLATION_CONNECTION=@@COLLATION_CONNECTION */;
/*!40101 SET NAMES utf8 */;

--
-- Database: `db_doclab`
--

-- --------------------------------------------------------

--
-- Table structure for table `tbl_admin`
--

CREATE TABLE IF NOT EXISTS `tbl_admin` (
  `admin_id` int(11) NOT NULL AUTO_INCREMENT,
  `admin_name` varchar(50) NOT NULL,
  `admin_password` varchar(20) NOT NULL,
  `admin_confirm_password` varchar(20) NOT NULL,
  `admin_status` int(11) NOT NULL,
  PRIMARY KEY (`admin_id`)
) ENGINE=MyISAM  DEFAULT CHARSET=latin1 AUTO_INCREMENT=3 ;

--
-- Dumping data for table `tbl_admin`
--

INSERT INTO `tbl_admin` (`admin_id`, `admin_name`, `admin_password`, `admin_confirm_password`, `admin_status`) VALUES
(1, 'Bhavya', 'india', 'india', 0),
(2, 'Bhavya', 'india', 'india', 0);

-- --------------------------------------------------------

--
-- Table structure for table `tbl_appointment`
--

CREATE TABLE IF NOT EXISTS `tbl_appointment` (
  `appointment_id` int(11) NOT NULL AUTO_INCREMENT,
  `appo_unique_id` varchar(555) NOT NULL,
  `sym_id` int(11) NOT NULL,
  `fos_id` int(20) DEFAULT NULL,
  `doc_id` int(11) NOT NULL,
  `pat_id` int(11) NOT NULL,
  `member_id` int(11) NOT NULL,
  `appointment_date` varchar(55) NOT NULL,
  `appointment_time` varchar(100) NOT NULL,
  `appointment_specification` text NOT NULL,
  `appointment_status` int(11) NOT NULL,
  PRIMARY KEY (`appointment_id`)
) ENGINE=MyISAM  DEFAULT CHARSET=latin1 AUTO_INCREMENT=18 ;

--
-- Dumping data for table `tbl_appointment`
--

INSERT INTO `tbl_appointment` (`appointment_id`, `appo_unique_id`, `sym_id`, `fos_id`, `doc_id`, `pat_id`, `member_id`, `appointment_date`, `appointment_time`, `appointment_specification`, `appointment_status`) VALUES
(1, '123456789', 9, 2, 1, 3, 0, '04/13/2016', '9:00 AM', 'itching', 4),
(2, '123456789', 32, 3, 12, 3, 0, '04/14/2016', '10:30 AM', 'chest pain', 4),
(3, '20160321041820', 7, 2, 1, 14, 0, '04/15/2016', '11:00:AM', 'ghjjg', 4),
(6, '20160321041820', 4, 2, 1, 14, 0, '04/16/2016', '4:30 PM', 'aasdfgjkl;', 2),
(5, '20160321054836', 14, 2, 1, 14, 5, '04/15/2016', '9:00 AM', 'gyuj', 3),
(7, '20160321054836', 4, 2, 1, 14, 5, '04/16/2016', '4:00 PM', 'asfdg', 0),
(9, '20160321041820', 12, 2, 1, 14, 0, '04/16/2016', '7:00 PM', 'afegh', 0),
(10, '20160407070718', 10, 2, 1, 14, 6, '04/16/2016', '3:30 PM', 'aDsfgg', 0),
(11, '20160321041820', 7, 2, 1, 14, 0, '04/16/2016', '7:30 AM', 'asfsdg', 0),
(12, '20160407070718', 14, 2, 1, 14, 6, '04/16/2016', '5:00 PM', 'wetgery', 0),
(13, '20160321041820', 13, 2, 1, 14, 0, '04/16/2016', '11:30 PM', 'dryhrtuh', 0),
(14, '20160321054836', 15, 2, 1, 14, 5, '04/16/2016', '2:00 PM', 'jgtjfy', 0),
(15, '20160321041820', 16, 2, 1, 14, 0, '04/16/2016', '2:30 AM', 'hajdg', 0),
(16, '20160407070718', 16, 2, 1, 14, 6, '04/16/2016', '9:30 AM', 'dtrdt', 0),
(17, '20160407070718', 32, 3, 12, 14, 6, '04/17/2016', '12:00 PM', 'dfhfeu', 2),
(4, '20160407070718', 7, 2, 1, 14, 6, '04/12/2016', '12:30 PM', 'hdugfu', 0);

-- --------------------------------------------------------

--
-- Table structure for table `tbl_cities`
--

CREATE TABLE IF NOT EXISTS `tbl_cities` (
  `city_id` int(11) NOT NULL AUTO_INCREMENT,
  `state_name` varchar(50) DEFAULT NULL,
  `city_name` varchar(255) DEFAULT NULL,
  `city_status` int(11) NOT NULL,
  PRIMARY KEY (`city_id`)
) ENGINE=MyISAM  DEFAULT CHARSET=utf8 AUTO_INCREMENT=639 ;

--
-- Dumping data for table `tbl_cities`
--

INSERT INTO `tbl_cities` (`city_id`, `state_name`, `city_name`, `city_status`) VALUES
(1, 'Andaman and Nicobar Islands', NULL, 0),
(2, 'Andaman and Nicobar Islands', 'North and Middle Andaman', 0),
(3, 'Andaman and Nicobar Islands', 'South Andaman', 0),
(4, 'Andaman and Nicobar Islands', 'Nicobar', 0),
(5, 'Andhra Pradesh', NULL, 0),
(6, 'Andhra Pradesh', 'Adilabad', 0),
(7, 'Andhra Pradesh', 'Anantapur', 0),
(8, 'Andhra Pradesh', 'Chittoor', 0),
(9, 'Andhra Pradesh', 'East Godavari', 0),
(10, 'Andhra Pradesh', 'Guntur', 0),
(11, 'Andhra Pradesh', 'Hyderabad', 0),
(12, 'Andhra Pradesh', 'Kadapa', 0),
(13, 'Andhra Pradesh', 'Karimnagar', 0),
(14, 'Andhra Pradesh', 'Khammam', 0),
(15, 'Andhra Pradesh', 'Krishna', 0),
(16, 'Andhra Pradesh', 'Kurnool', 0),
(17, 'Andhra Pradesh', 'Mahbubnagar', 0),
(18, 'Andhra Pradesh', 'Medak', 0),
(19, 'Andhra Pradesh', 'Nalgonda', 0),
(20, 'Andhra Pradesh', 'Nellore', 0),
(21, 'Andhra Pradesh', 'Nizamabad', 0),
(22, 'Andhra Pradesh', 'Prakasam', 0),
(23, 'Andhra Pradesh', 'Rangareddi', 0),
(24, 'Andhra Pradesh', 'Srikakulam', 0),
(25, 'Andhra Pradesh', 'Vishakhapatnam', 0),
(26, 'Andhra Pradesh', 'Vizianagaram', 0),
(27, 'Andhra Pradesh', 'Warangal', 0),
(28, 'Andhra Pradesh', 'West Godavari', 0),
(29, 'Arunachal Pradesh', NULL, 0),
(30, 'Arunachal Pradesh', 'Anjaw', 0),
(31, 'Arunachal Pradesh', 'Changlang', 0),
(32, 'Arunachal Pradesh', 'East Kameng', 0),
(33, 'Arunachal Pradesh', 'Lohit', 0),
(34, 'Arunachal Pradesh', 'Lower Subansiri', 0),
(35, 'Arunachal Pradesh', 'Papum Pare', 0),
(36, 'Arunachal Pradesh', 'Tirap', 0),
(37, 'Arunachal Pradesh', 'Dibang Valley', 0),
(38, 'Arunachal Pradesh', 'Upper Subansiri', 0),
(39, 'Arunachal Pradesh', 'West Kameng', 0),
(40, 'Assam', NULL, 0),
(41, 'Assam', 'Barpeta', 0),
(42, 'Assam', 'Bongaigaon', 0),
(43, 'Assam', 'Cachar', 0),
(44, 'Assam', 'Darrang', 0),
(45, 'Assam', 'Dhemaji', 0),
(46, 'Assam', 'Dhubri', 0),
(47, 'Assam', 'Dibrugarh', 0),
(48, 'Assam', 'Goalpara', 0),
(49, 'Assam', 'Golaghat', 0),
(50, 'Assam', 'Hailakandi', 0),
(51, 'Assam', 'Jorhat', 0),
(52, 'Assam', 'Karbi Anglong', 0),
(53, 'Assam', 'Karimganj', 0),
(54, 'Assam', 'Kokrajhar', 0),
(55, 'Assam', 'Lakhimpur', 0),
(56, 'Assam', 'Marigaon', 0),
(57, 'Assam', 'Nagaon', 0),
(58, 'Assam', 'Nalbari', 0),
(59, 'Assam', 'North Cachar Hills', 0),
(60, 'Assam', 'Sibsagar', 0),
(61, 'Assam', 'Sonitpur', 0),
(62, 'Assam', 'Tinsukia', 0),
(63, 'Bihar', NULL, 0),
(64, 'Bihar', 'Araria', 0),
(65, 'Bihar', 'Aurangabad', 0),
(66, 'Bihar', 'Banka', 0),
(67, 'Bihar', 'Begusarai', 0),
(68, 'Bihar', 'Bhagalpur', 0),
(69, 'Bihar', 'Bhojpur', 0),
(70, 'Bihar', 'Buxar', 0),
(71, 'Bihar', 'Darbhanga', 0),
(72, 'Bihar', 'Purba Champaran', 0),
(73, 'Bihar', 'Gaya', 0),
(74, 'Bihar', 'Gopalganj', 0),
(75, 'Bihar', 'Jamui', 0),
(76, 'Bihar', 'Jehanabad', 0),
(77, 'Bihar', 'Khagaria', 0),
(78, 'Bihar', 'Kishanganj', 0),
(79, 'Bihar', 'Kaimur', 0),
(80, 'Bihar', 'Katihar', 0),
(81, 'Bihar', 'Lakhisarai', 0),
(82, 'Bihar', 'Madhubani', 0),
(83, 'Bihar', 'Munger', 0),
(84, 'Bihar', 'Madhepura', 0),
(85, 'Bihar', 'Muzaffarpur', 0),
(86, 'Bihar', 'Nalanda', 0),
(87, 'Bihar', 'Nawada', 0),
(88, 'Bihar', 'Patna', 0),
(89, 'Bihar', 'Purnia', 0),
(90, 'Bihar', 'Rohtas', 0),
(91, 'Bihar', 'Saharsa', 0),
(92, 'Bihar', 'Samastipur', 0),
(93, 'Bihar', 'Sheohar', 0),
(94, 'Bihar', 'Sheikhpura', 0),
(95, 'Bihar', 'Saran', 0),
(96, 'Bihar', 'Sitamarhi', 0),
(97, 'Bihar', 'Supaul', 0),
(98, 'Bihar', 'Siwan', 0),
(99, 'Bihar', 'Vaishali', 0),
(100, 'Bihar', 'Pashchim Champaran', 0),
(101, 'Chandigarh', NULL, 0),
(102, 'Chhattisgarh', NULL, 0),
(103, 'Chhattisgarh', 'Bastar', 0),
(104, 'Chhattisgarh', 'Bilaspur', 0),
(105, 'Chhattisgarh', 'Dantewada', 0),
(106, 'Chhattisgarh', 'Dhamtari', 0),
(107, 'Chhattisgarh', 'Durg', 0),
(108, 'Chhattisgarh', 'Jashpur', 0),
(109, 'Chhattisgarh', 'Janjgir-Champa', 0),
(110, 'Chhattisgarh', 'Korba', 0),
(111, 'Chhattisgarh', 'Koriya', 0),
(112, 'Chhattisgarh', 'Kanker', 0),
(113, 'Chhattisgarh', 'Kawardha', 0),
(114, 'Chhattisgarh', 'Mahasamund', 0),
(115, 'Chhattisgarh', 'Raigarh', 0),
(116, 'Chhattisgarh', 'Rajnandgaon', 0),
(117, 'Chhattisgarh', 'Raipur', 0),
(118, 'Chhattisgarh', 'Surguja', 0),
(119, 'Dadra and Nagar Haveli', NULL, 0),
(120, 'Daman and Diu', NULL, 0),
(121, 'Daman and Diu', 'Diu', 0),
(122, 'Daman and Diu', 'Daman', 0),
(123, 'Delhi', NULL, 0),
(124, 'Delhi', 'Central Delhi', 0),
(125, 'Delhi', 'East Delhi', 0),
(126, 'Delhi', 'New Delhi', 0),
(127, 'Delhi', 'North Delhi', 0),
(128, 'Delhi', 'North East Delhi', 0),
(129, 'Delhi', 'North West Delhi', 0),
(130, 'Delhi', 'South Delhi', 0),
(131, 'Delhi', 'South West Delhi', 0),
(132, 'Delhi', 'West Delhi', 0),
(133, 'Goa', NULL, 0),
(134, 'Goa', 'North Goa', 0),
(135, 'Goa', 'South Goa', 0),
(136, 'Gujarat', NULL, 0),
(137, 'Gujarat', 'Ahmedabad', 0),
(138, 'Gujarat', 'Amreli District', 0),
(139, 'Gujarat', 'Anand', 0),
(140, 'Gujarat', 'Banaskantha', 0),
(141, 'Gujarat', 'Bharuch', 0),
(142, 'Gujarat', 'Bhavnagar', 0),
(143, 'Gujarat', 'Dahod', 0),
(144, 'Gujarat', 'The Dangs', 0),
(145, 'Gujarat', 'Gandhinagar', 0),
(146, 'Gujarat', 'Jamnagar', 0),
(147, 'Gujarat', 'Junagadh', 0),
(148, 'Gujarat', 'Kutch', 0),
(149, 'Gujarat', 'Kheda', 0),
(150, 'Gujarat', 'Mehsana', 0),
(151, 'Gujarat', 'Narmada', 0),
(152, 'Gujarat', 'Navsari', 0),
(153, 'Gujarat', 'Patan', 0),
(154, 'Gujarat', 'Panchmahal', 0),
(155, 'Gujarat', 'Porbandar', 0),
(156, 'Gujarat', 'Rajkot', 0),
(157, 'Gujarat', 'Sabarkantha', 0),
(158, 'Gujarat', 'Surendranagar', 0),
(159, 'Gujarat', 'Surat', 0),
(160, 'Gujarat', 'Vadodara', 0),
(161, 'Gujarat', 'Valsad', 0),
(162, 'Haryana', NULL, 0),
(163, 'Haryana', 'Ambala', 0),
(164, 'Haryana', 'Bhiwani', 0),
(165, 'Haryana', 'Faridabad', 0),
(166, 'Haryana', 'Fatehabad', 0),
(167, 'Haryana', 'Gurgaon', 0),
(168, 'Haryana', 'Hissar', 0),
(169, 'Haryana', 'Jhajjar', 0),
(170, 'Haryana', 'Jind', 0),
(171, 'Haryana', 'Karnal', 0),
(172, 'Haryana', 'Kaithal', 0),
(173, 'Haryana', 'Kurukshetra', 0),
(174, 'Haryana', 'Mahendragarh', 0),
(175, 'Haryana', 'Mewat', 0),
(176, 'Haryana', 'Panchkula', 0),
(177, 'Haryana', 'Panipat', 0),
(178, 'Haryana', 'Rewari', 0),
(179, 'Haryana', 'Rohtak', 0),
(180, 'Haryana', 'Sirsa', 0),
(181, 'Haryana', 'Sonepat', 0),
(182, 'Haryana', 'Yamuna Nagar', 0),
(183, 'Haryana', 'Palwal', 0),
(184, 'Himachal Pradesh', NULL, 0),
(185, 'Himachal Pradesh', 'Bilaspur', 0),
(186, 'Himachal Pradesh', 'Chamba', 0),
(187, 'Himachal Pradesh', 'Hamirpur', 0),
(188, 'Himachal Pradesh', 'Kangra', 0),
(189, 'Himachal Pradesh', 'Kinnaur', 0),
(190, 'Himachal Pradesh', 'Kulu', 0),
(191, 'Himachal Pradesh', 'Lahaul and Spiti', 0),
(192, 'Himachal Pradesh', 'Mandi', 0),
(193, 'Himachal Pradesh', 'Shimla', 0),
(194, 'Himachal Pradesh', 'Sirmaur', 0),
(195, 'Himachal Pradesh', 'Solan', 0),
(196, 'Himachal Pradesh', 'Una', 0),
(197, 'Jammu and Kashmir', NULL, 0),
(198, 'Jammu and Kashmir', 'Anantnag', 0),
(199, 'Jammu and Kashmir', 'Badgam', 0),
(200, 'Jammu and Kashmir', 'Bandipore', 0),
(201, 'Jammu and Kashmir', 'Baramula', 0),
(202, 'Jammu and Kashmir', 'Doda', 0),
(203, 'Jammu and Kashmir', 'Jammu', 0),
(204, 'Jammu and Kashmir', 'Kargil', 0),
(205, 'Jammu and Kashmir', 'Kathua', 0),
(206, 'Jammu and Kashmir', 'Kupwara', 0),
(207, 'Jammu and Kashmir', 'Leh', 0),
(208, 'Jammu and Kashmir', 'Poonch', 0),
(209, 'Jammu and Kashmir', 'Pulwama', 0),
(210, 'Jammu and Kashmir', 'Rajauri', 0),
(211, 'Jammu and Kashmir', 'Srinagar', 0),
(212, 'Jammu and Kashmir', 'Samba', 0),
(213, 'Jammu and Kashmir', 'Udhampur', 0),
(214, 'Jharkhand', NULL, 0),
(215, 'Jharkhand', 'Bokaro', 0),
(216, 'Jharkhand', 'Chatra', 0),
(217, 'Jharkhand', 'Deoghar', 0),
(218, 'Jharkhand', 'Dhanbad', 0),
(219, 'Jharkhand', 'Dumka', 0),
(220, 'Jharkhand', 'Purba Singhbhum', 0),
(221, 'Jharkhand', 'Garhwa', 0),
(222, 'Jharkhand', 'Giridih', 0),
(223, 'Jharkhand', 'Godda', 0),
(224, 'Jharkhand', 'Gumla', 0),
(225, 'Jharkhand', 'Hazaribagh', 0),
(226, 'Jharkhand', 'Koderma', 0),
(227, 'Jharkhand', 'Lohardaga', 0),
(228, 'Jharkhand', 'Pakur', 0),
(229, 'Jharkhand', 'Palamu', 0),
(230, 'Jharkhand', 'Ranchi', 0),
(231, 'Jharkhand', 'Sahibganj', 0),
(232, 'Jharkhand', 'Seraikela and Kharsawan', 0),
(233, 'Jharkhand', 'Pashchim Singhbhum', 0),
(234, 'Jharkhand', 'Ramgarh', 0),
(235, 'Karnataka', NULL, 0),
(236, 'Karnataka', 'Bidar', 0),
(237, 'Karnataka', 'Belgaum', 0),
(238, 'Karnataka', 'Bijapur', 0),
(239, 'Karnataka', 'Bagalkot', 0),
(240, 'Karnataka', 'Bellary', 0),
(241, 'Karnataka', 'Bangalore Rural District', 0),
(242, 'Karnataka', 'Bangalore Urban District', 0),
(243, 'Karnataka', 'Chamarajnagar', 0),
(244, 'Karnataka', 'Chikmagalur', 0),
(245, 'Karnataka', 'Chitradurga', 0),
(246, 'Karnataka', 'Davanagere', 0),
(247, 'Karnataka', 'Dharwad', 0),
(248, 'Karnataka', 'Dakshina Kannada', 0),
(249, 'Karnataka', 'Gadag', 0),
(250, 'Karnataka', 'Gulbarga', 0),
(251, 'Karnataka', 'Hassan', 0),
(252, 'Karnataka', 'Haveri District', 0),
(253, 'Karnataka', 'Kodagu', 0),
(254, 'Karnataka', 'Kolar', 0),
(255, 'Karnataka', 'Koppal', 0),
(256, 'Karnataka', 'Mandya', 0),
(257, 'Karnataka', 'Mysore', 0),
(258, 'Karnataka', 'Raichur', 0),
(259, 'Karnataka', 'Shimoga', 0),
(260, 'Karnataka', 'Tumkur', 0),
(261, 'Karnataka', 'Udupi', 0),
(262, 'Karnataka', 'Uttara Kannada', 0),
(263, 'Karnataka', 'Ramanagara', 0),
(264, 'Karnataka', 'Chikballapur', 0),
(265, 'Karnataka', 'Yadagiri', 0),
(266, 'Kerala', NULL, 0),
(267, 'Kerala', 'Alappuzha', 0),
(268, 'Kerala', 'Ernakulam', 0),
(269, 'Kerala', 'Idukki', 0),
(270, 'Kerala', 'Kollam', 0),
(271, 'Kerala', 'Kannur', 0),
(272, 'Kerala', 'Kasaragod', 0),
(273, 'Kerala', 'Kottayam', 0),
(274, 'Kerala', 'Kozhikode', 0),
(275, 'Kerala', 'Malappuram', 0),
(276, 'Kerala', 'Palakkad', 0),
(277, 'Kerala', 'Pathanamthitta', 0),
(278, 'Kerala', 'Thrissur', 0),
(279, 'Kerala', 'Thiruvananthapuram', 0),
(280, 'Kerala', 'Wayanad', 0),
(281, 'Lakshadweep', NULL, 0),
(282, 'Madhya Pradesh', NULL, 0),
(283, 'Madhya Pradesh', 'Alirajpur', 0),
(284, 'Madhya Pradesh', 'Anuppur', 0),
(285, 'Madhya Pradesh', 'Ashok Nagar', 0),
(286, 'Madhya Pradesh', 'Balaghat', 0),
(287, 'Madhya Pradesh', 'Barwani', 0),
(288, 'Madhya Pradesh', 'Betul', 0),
(289, 'Madhya Pradesh', 'Bhind', 0),
(290, 'Madhya Pradesh', 'Bhopal', 0),
(291, 'Madhya Pradesh', 'Burhanpur', 0),
(292, 'Madhya Pradesh', 'Chhatarpur', 0),
(293, 'Madhya Pradesh', 'Chhindwara', 0),
(294, 'Madhya Pradesh', 'Damoh', 0),
(295, 'Madhya Pradesh', 'Datia', 0),
(296, 'Madhya Pradesh', 'Dewas', 0),
(297, 'Madhya Pradesh', 'Dhar', 0),
(298, 'Madhya Pradesh', 'Dindori', 0),
(299, 'Madhya Pradesh', 'Guna', 0),
(300, 'Madhya Pradesh', 'Gwalior', 0),
(301, 'Madhya Pradesh', 'Harda', 0),
(302, 'Madhya Pradesh', 'Hoshangabad', 0),
(303, 'Madhya Pradesh', 'Indore', 0),
(304, 'Madhya Pradesh', 'Jabalpur', 0),
(305, 'Madhya Pradesh', 'Jhabua', 0),
(306, 'Madhya Pradesh', 'Katni', 0),
(307, 'Madhya Pradesh', 'Khandwa', 0),
(308, 'Madhya Pradesh', 'Khargone', 0),
(309, 'Madhya Pradesh', 'Mandla', 0),
(310, 'Madhya Pradesh', 'Mandsaur', 0),
(311, 'Madhya Pradesh', 'Morena', 0),
(312, 'Madhya Pradesh', 'Narsinghpur', 0),
(313, 'Madhya Pradesh', 'Neemuch', 0),
(314, 'Madhya Pradesh', 'Panna', 0),
(315, 'Madhya Pradesh', 'Rewa', 0),
(316, 'Madhya Pradesh', 'Rajgarh', 0),
(317, 'Madhya Pradesh', 'Ratlam', 0),
(318, 'Madhya Pradesh', 'Raisen', 0),
(319, 'Madhya Pradesh', 'Sagar', 0),
(320, 'Madhya Pradesh', 'Satna', 0),
(321, 'Madhya Pradesh', 'Sehore', 0),
(322, 'Madhya Pradesh', 'Seoni', 0),
(323, 'Madhya Pradesh', 'Shahdol', 0),
(324, 'Madhya Pradesh', 'Shajapur', 0),
(325, 'Madhya Pradesh', 'Sheopur', 0),
(326, 'Madhya Pradesh', 'Shivpuri', 0),
(327, 'Madhya Pradesh', 'Sidhi', 0),
(328, 'Madhya Pradesh', 'Singrauli', 0),
(329, 'Madhya Pradesh', 'Tikamgarh', 0),
(330, 'Madhya Pradesh', 'Ujjain', 0),
(331, 'Madhya Pradesh', 'Umaria', 0),
(332, 'Madhya Pradesh', 'Vidisha', 0),
(333, 'Maharashtra', NULL, 0),
(334, 'Maharashtra', 'Ahmednagar', 0),
(335, 'Maharashtra', 'Akola', 0),
(336, 'Maharashtra', 'Amrawati', 0),
(337, 'Maharashtra', 'Aurangabad', 0),
(338, 'Maharashtra', 'Bhandara', 0),
(339, 'Maharashtra', 'Beed', 0),
(340, 'Maharashtra', 'Buldhana', 0),
(341, 'Maharashtra', 'Chandrapur', 0),
(342, 'Maharashtra', 'Dhule', 0),
(343, 'Maharashtra', 'Gadchiroli', 0),
(344, 'Maharashtra', 'Gondiya', 0),
(345, 'Maharashtra', 'Hingoli', 0),
(346, 'Maharashtra', 'Jalgaon', 0),
(347, 'Maharashtra', 'Jalna', 0),
(348, 'Maharashtra', 'Kolhapur', 0),
(349, 'Maharashtra', 'Latur', 0),
(350, 'Maharashtra', 'Mumbai City', 0),
(351, 'Maharashtra', 'Mumbai suburban', 0),
(352, 'Maharashtra', 'Nandurbar', 0),
(353, 'Maharashtra', 'Nanded', 0),
(354, 'Maharashtra', 'Nagpur', 0),
(355, 'Maharashtra', 'Nashik', 0),
(356, 'Maharashtra', 'Osmanabad', 0),
(357, 'Maharashtra', 'Parbhani', 0),
(358, 'Maharashtra', 'Pune', 0),
(359, 'Maharashtra', 'Raigad', 0),
(360, 'Maharashtra', 'Ratnagiri', 0),
(361, 'Maharashtra', 'Sindhudurg', 0),
(362, 'Maharashtra', 'Sangli', 0),
(363, 'Maharashtra', 'Solapur', 0),
(364, 'Maharashtra', 'Satara', 0),
(365, 'Maharashtra', 'Thane', 0),
(366, 'Maharashtra', 'Wardha', 0),
(367, 'Maharashtra', 'Washim', 0),
(368, 'Maharashtra', 'Yavatmal', 0),
(369, 'Manipur', NULL, 0),
(370, 'Manipur', 'Bishnupur', 0),
(371, 'Manipur', 'Churachandpur', 0),
(372, 'Manipur', 'Chandel', 0),
(373, 'Manipur', 'Imphal East', 0),
(374, 'Manipur', 'Senapati', 0),
(375, 'Manipur', 'Tamenglong', 0),
(376, 'Manipur', 'Thoubal', 0),
(377, 'Manipur', 'Ukhrul', 0),
(378, 'Manipur', 'Imphal West', 0),
(379, 'Meghalaya', NULL, 0),
(380, 'Meghalaya', 'East Garo Hills', 0),
(381, 'Meghalaya', 'East Khasi Hills', 0),
(382, 'Meghalaya', 'Jaintia Hills', 0),
(383, 'Meghalaya', 'Ri-Bhoi', 0),
(384, 'Meghalaya', 'South Garo Hills', 0),
(385, 'Meghalaya', 'West Garo Hills', 0),
(386, 'Meghalaya', 'West Khasi Hills', 0),
(387, 'Mizoram', NULL, 0),
(388, 'Mizoram', 'Aizawl', 0),
(389, 'Mizoram', 'Champhai', 0),
(390, 'Mizoram', 'Kolasib', 0),
(391, 'Mizoram', 'Lawngtlai', 0),
(392, 'Mizoram', 'Lunglei', 0),
(393, 'Mizoram', 'Mamit', 0),
(394, 'Mizoram', 'Saiha', 0),
(395, 'Mizoram', 'Serchhip', 0),
(396, 'Nagaland', NULL, 0),
(397, 'Nagaland', 'Dimapur', 0),
(398, 'Nagaland', 'Kohima', 0),
(399, 'Nagaland', 'Mokokchung', 0),
(400, 'Nagaland', 'Mon', 0),
(401, 'Nagaland', 'Phek', 0),
(402, 'Nagaland', 'Tuensang', 0),
(403, 'Nagaland', 'Wokha', 0),
(404, 'Nagaland', 'Zunheboto', 0),
(405, 'Orissa', NULL, 0),
(406, 'Orissa', 'Angul', 0),
(407, 'Orissa', 'Boudh', 0),
(408, 'Orissa', 'Bhadrak', 0),
(409, 'Orissa', 'Bolangir', 0),
(410, 'Orissa', 'Bargarh', 0),
(411, 'Orissa', 'Baleswar', 0),
(412, 'Orissa', 'Cuttack', 0),
(413, 'Orissa', 'Debagarh', 0),
(414, 'Orissa', 'Dhenkanal', 0),
(415, 'Orissa', 'Ganjam', 0),
(416, 'Orissa', 'Gajapati', 0),
(417, 'Orissa', 'Jharsuguda', 0),
(418, 'Orissa', 'Jajapur', 0),
(419, 'Orissa', 'Jagatsinghpur', 0),
(420, 'Orissa', 'Khordha', 0),
(421, 'Orissa', 'Kendujhar', 0),
(422, 'Orissa', 'Kalahandi', 0),
(423, 'Orissa', 'Kandhamal', 0),
(424, 'Orissa', 'Koraput', 0),
(425, 'Orissa', 'Kendrapara', 0),
(426, 'Orissa', 'Malkangiri', 0),
(427, 'Orissa', 'Mayurbhanj', 0),
(428, 'Orissa', 'Nabarangpur', 0),
(429, 'Orissa', 'Nuapada', 0),
(430, 'Orissa', 'Nayagarh', 0),
(431, 'Orissa', 'Puri', 0),
(432, 'Orissa', 'Rayagada', 0),
(433, 'Orissa', 'Sambalpur', 0),
(434, 'Orissa', 'Subarnapur', 0),
(435, 'Orissa', 'Sundargarh', 0),
(436, 'Pondicherry', NULL, 0),
(437, 'Pondicherry', 'Karaikal', 0),
(438, 'Pondicherry', 'Mahe', 0),
(439, 'Pondicherry', 'Puducherry', 0),
(440, 'Pondicherry', 'Yanam', 0),
(441, 'Punjab', NULL, 0),
(442, 'Punjab', 'Amritsar', 0),
(443, 'Punjab', 'Bathinda', 0),
(444, 'Punjab', 'Firozpur', 0),
(445, 'Punjab', 'Faridkot', 0),
(446, 'Punjab', 'Fatehgarh Sahib', 0),
(447, 'Punjab', 'Gurdaspur', 0),
(448, 'Punjab', 'Hoshiarpur', 0),
(449, 'Punjab', 'Jalandhar', 0),
(450, 'Punjab', 'Kapurthala', 0),
(451, 'Punjab', 'Ludhiana', 0),
(452, 'Punjab', 'Mansa', 0),
(453, 'Punjab', 'Moga', 0),
(454, 'Punjab', 'Mukatsar', 0),
(455, 'Punjab', 'Nawan Shehar', 0),
(456, 'Punjab', 'Patiala', 0),
(457, 'Punjab', 'Rupnagar', 0),
(458, 'Punjab', 'Sangrur', 0),
(459, 'Rajasthan', NULL, 0),
(460, 'Rajasthan', 'Ajmer', 0),
(461, 'Rajasthan', 'Alwar', 0),
(462, 'Rajasthan', 'Bikaner', 0),
(463, 'Rajasthan', 'Barmer', 0),
(464, 'Rajasthan', 'Banswara', 0),
(465, 'Rajasthan', 'Bharatpur', 0),
(466, 'Rajasthan', 'Baran', 0),
(467, 'Rajasthan', 'Bundi', 0),
(468, 'Rajasthan', 'Bhilwara', 0),
(469, 'Rajasthan', 'Churu', 0),
(470, 'Rajasthan', 'Chittorgarh', 0),
(471, 'Rajasthan', 'Dausa', 0),
(472, 'Rajasthan', 'Dholpur', 0),
(473, 'Rajasthan', 'Dungapur', 0),
(474, 'Rajasthan', 'Ganganagar', 0),
(475, 'Rajasthan', 'Hanumangarh', 0),
(476, 'Rajasthan', 'Juhnjhunun', 0),
(477, 'Rajasthan', 'Jalore', 0),
(478, 'Rajasthan', 'Jodhpur', 0),
(479, 'Rajasthan', 'Jaipur', 0),
(480, 'Rajasthan', 'Jaisalmer', 0),
(481, 'Rajasthan', 'Jhalawar', 0),
(482, 'Rajasthan', 'Karauli', 0),
(483, 'Rajasthan', 'Kota', 0),
(484, 'Rajasthan', 'Nagaur', 0),
(485, 'Rajasthan', 'Pali', 0),
(486, 'Rajasthan', 'Pratapgarh', 0),
(487, 'Rajasthan', 'Rajsamand', 0),
(488, 'Rajasthan', 'Sikar', 0),
(489, 'Rajasthan', 'Sawai Madhopur', 0),
(490, 'Rajasthan', 'Sirohi', 0),
(491, 'Rajasthan', 'Tonk', 0),
(492, 'Rajasthan', 'Udaipur', 0),
(493, 'Sikkim', NULL, 0),
(494, 'Sikkim', 'East Sikkim', 0),
(495, 'Sikkim', 'North Sikkim', 0),
(496, 'Sikkim', 'South Sikkim', 0),
(497, 'Sikkim', 'West Sikkim', 0),
(498, 'Tamil Nadu', NULL, 0),
(499, 'Tamil Nadu', 'Ariyalur', 0),
(500, 'Tamil Nadu', 'Chennai', 0),
(501, 'Tamil Nadu', 'Coimbatore', 0),
(502, 'Tamil Nadu', 'Cuddalore', 0),
(503, 'Tamil Nadu', 'Dharmapuri', 0),
(504, 'Tamil Nadu', 'Dindigul', 0),
(505, 'Tamil Nadu', 'Erode', 0),
(506, 'Tamil Nadu', 'Kanchipuram', 0),
(507, 'Tamil Nadu', 'Kanyakumari', 0),
(508, 'Tamil Nadu', 'Karur', 0),
(509, 'Tamil Nadu', 'Madurai', 0),
(510, 'Tamil Nadu', 'Nagapattinam', 0),
(511, 'Tamil Nadu', 'The Nilgiris', 0),
(512, 'Tamil Nadu', 'Namakkal', 0),
(513, 'Tamil Nadu', 'Perambalur', 0),
(514, 'Tamil Nadu', 'Pudukkottai', 0),
(515, 'Tamil Nadu', 'Ramanathapuram', 0),
(516, 'Tamil Nadu', 'Salem', 0),
(517, 'Tamil Nadu', 'Sivagangai', 0),
(518, 'Tamil Nadu', 'Tiruppur', 0),
(519, 'Tamil Nadu', 'Tiruchirappalli', 0),
(520, 'Tamil Nadu', 'Theni', 0),
(521, 'Tamil Nadu', 'Tirunelveli', 0),
(522, 'Tamil Nadu', 'Thanjavur', 0),
(523, 'Tamil Nadu', 'Thoothukudi', 0),
(524, 'Tamil Nadu', 'Thiruvallur', 0),
(525, 'Tamil Nadu', 'Thiruvarur', 0),
(526, 'Tamil Nadu', 'Tiruvannamalai', 0),
(527, 'Tamil Nadu', 'Vellore', 0),
(528, 'Tamil Nadu', 'Villupuram', 0),
(529, 'Tripura', NULL, 0),
(530, 'Tripura', 'Dhalai', 0),
(531, 'Tripura', 'North Tripura', 0),
(532, 'Tripura', 'South Tripura', 0),
(533, 'Tripura', 'West Tripura', 0),
(534, 'Uttarakhand', NULL, 0),
(535, 'Uttarakhand', 'Almora', 0),
(536, 'Uttarakhand', 'Bageshwar', 0),
(537, 'Uttarakhand', 'Chamoli', 0),
(538, 'Uttarakhand', 'Champawat', 0),
(539, 'Uttarakhand', 'Dehradun', 0),
(540, 'Uttarakhand', 'Haridwar', 0),
(541, 'Uttarakhand', 'Nainital', 0),
(542, 'Uttarakhand', 'Pauri Garhwal', 0),
(543, 'Uttarakhand', 'Pithoragharh', 0),
(544, 'Uttarakhand', 'Rudraprayag', 0),
(545, 'Uttarakhand', 'Tehri Garhwal', 0),
(546, 'Uttarakhand', 'Udham Singh Nagar', 0),
(547, 'Uttarakhand', 'Uttarkashi', 0),
(548, 'Uttar Pradesh', NULL, 0),
(549, 'Uttar Pradesh', 'Agra', 0),
(550, 'Uttar Pradesh', 'Allahabad', 0),
(551, 'Uttar Pradesh', 'Aligarh', 0),
(552, 'Uttar Pradesh', 'Ambedkar Nagar', 0),
(553, 'Uttar Pradesh', 'Auraiya', 0),
(554, 'Uttar Pradesh', 'Azamgarh', 0),
(555, 'Uttar Pradesh', 'Barabanki', 0),
(556, 'Uttar Pradesh', 'Badaun', 0),
(557, 'Uttar Pradesh', 'Bagpat', 0),
(558, 'Uttar Pradesh', 'Bahraich', 0),
(559, 'Uttar Pradesh', 'Bijnor', 0),
(560, 'Uttar Pradesh', 'Ballia', 0),
(561, 'Uttar Pradesh', 'Banda', 0),
(562, 'Uttar Pradesh', 'Balrampur', 0),
(563, 'Uttar Pradesh', 'Bareilly', 0),
(564, 'Uttar Pradesh', 'Basti', 0),
(565, 'Uttar Pradesh', 'Bulandshahr', 0),
(566, 'Uttar Pradesh', 'Chandauli', 0),
(567, 'Uttar Pradesh', 'Chitrakoot', 0),
(568, 'Uttar Pradesh', 'Deoria', 0),
(569, 'Uttar Pradesh', 'Etah', 0),
(570, 'Uttar Pradesh', 'Kanshiram Nagar', 0),
(571, 'Uttar Pradesh', 'Etawah', 0),
(572, 'Uttar Pradesh', 'Firozabad', 0),
(573, 'Uttar Pradesh', 'Farrukhabad', 0),
(574, 'Uttar Pradesh', 'Fatehpur', 0),
(575, 'Uttar Pradesh', 'Faizabad', 0),
(576, 'Uttar Pradesh', 'Gautam Buddha Nagar', 0),
(577, 'Uttar Pradesh', 'Gonda', 0),
(578, 'Uttar Pradesh', 'Ghazipur', 0),
(579, 'Uttar Pradesh', 'Gorkakhpur', 0),
(580, 'Uttar Pradesh', 'Ghaziabad', 0),
(581, 'Uttar Pradesh', 'Hamirpur', 0),
(582, 'Uttar Pradesh', 'Hardoi', 0),
(583, 'Uttar Pradesh', 'Mahamaya Nagar', 0),
(584, 'Uttar Pradesh', 'Jhansi', 0),
(585, 'Uttar Pradesh', 'Jalaun', 0),
(586, 'Uttar Pradesh', 'Jyotiba Phule Nagar', 0),
(587, 'Uttar Pradesh', 'Jaunpur District', 0),
(588, 'Uttar Pradesh', 'Kanpur Dehat', 0),
(589, 'Uttar Pradesh', 'Kannauj', 0),
(590, 'Uttar Pradesh', 'Kanpur Nagar', 0),
(591, 'Uttar Pradesh', 'Kaushambi', 0),
(592, 'Uttar Pradesh', 'Kushinagar', 0),
(593, 'Uttar Pradesh', 'Lalitpur', 0),
(594, 'Uttar Pradesh', 'Lakhimpur Kheri', 0),
(595, 'Uttar Pradesh', 'Lucknow', 0),
(596, 'Uttar Pradesh', 'Mau', 0),
(597, 'Uttar Pradesh', 'Meerut', 0),
(598, 'Uttar Pradesh', 'Maharajganj', 0),
(599, 'Uttar Pradesh', 'Mahoba', 0),
(600, 'Uttar Pradesh', 'Mirzapur', 0),
(601, 'Uttar Pradesh', 'Moradabad', 0),
(602, 'Uttar Pradesh', 'Mainpuri', 0),
(603, 'Uttar Pradesh', 'Mathura', 0),
(604, 'Uttar Pradesh', 'Muzaffarnagar', 0),
(605, 'Uttar Pradesh', 'Pilibhit', 0),
(606, 'Uttar Pradesh', 'Pratapgarh', 0),
(607, 'Uttar Pradesh', 'Rampur', 0),
(608, 'Uttar Pradesh', 'Rae Bareli', 0),
(609, 'Uttar Pradesh', 'Saharanpur', 0),
(610, 'Uttar Pradesh', 'Sitapur', 0),
(611, 'Uttar Pradesh', 'Shahjahanpur', 0),
(612, 'Uttar Pradesh', 'Sant Kabir Nagar', 0),
(613, 'Uttar Pradesh', 'Siddharthnagar', 0),
(614, 'Uttar Pradesh', 'Sonbhadra', 0),
(615, 'Uttar Pradesh', 'Sant Ravidas Nagar', 0),
(616, 'Uttar Pradesh', 'Sultanpur', 0),
(617, 'Uttar Pradesh', 'Shravasti', 0),
(618, 'Uttar Pradesh', 'Unnao', 0),
(619, 'Uttar Pradesh', 'Varanasi', 0),
(620, 'West Bengal', NULL, 0),
(621, 'West Bengal', 'Birbhum', 0),
(622, 'West Bengal', 'Bankura', 0),
(623, 'West Bengal', 'Bardhaman', 0),
(624, 'West Bengal', 'Darjeeling', 0),
(625, 'West Bengal', 'Dakshin Dinajpur', 0),
(626, 'West Bengal', 'Hooghly', 0),
(627, 'West Bengal', 'Howrah', 0),
(628, 'West Bengal', 'Jalpaiguri', 0),
(629, 'West Bengal', 'Cooch Behar', 0),
(630, 'West Bengal', 'Kolkata', 0),
(631, 'West Bengal', 'Malda', 0),
(632, 'West Bengal', 'Midnapore', 0),
(633, 'West Bengal', 'Murshidabad', 0),
(634, 'West Bengal', 'Nadia', 0),
(635, 'West Bengal', 'North 24 Parganas', 0),
(636, 'West Bengal', 'South 24 Parganas', 0),
(637, 'West Bengal', 'Purulia', 0),
(638, 'West Bengal', 'Uttar Dinajpur', 0);

-- --------------------------------------------------------

--
-- Table structure for table `tbl_doctor`
--

CREATE TABLE IF NOT EXISTS `tbl_doctor` (
  `doc_id` int(11) NOT NULL AUTO_INCREMENT,
  `doc_salutation` varchar(10) NOT NULL,
  `doc_first_name` varchar(20) NOT NULL,
  `doc_middle_name` varchar(20) NOT NULL,
  `doc_last_name` varchar(20) NOT NULL,
  `doc_address` text NOT NULL,
  `doc_state` varchar(50) NOT NULL,
  `doc_city` varchar(50) NOT NULL,
  `doc_pincode` varchar(10) NOT NULL,
  `doc_mobile_number` varchar(10) NOT NULL,
  `doc_email_id` varchar(50) NOT NULL,
  `doc_field_of_specialization` varchar(30) NOT NULL,
  `doc_certification_proof` varchar(500) NOT NULL,
  `doc_morning_start` varchar(100) NOT NULL,
  `doc_morning_end` varchar(100) NOT NULL,
  `doc_evening_start` varchar(100) NOT NULL,
  `doc_evening_end` varchar(100) NOT NULL,
  `doc_consultation_fees` int(11) NOT NULL,
  `doc_first_visit_fee` int(11) NOT NULL,
  `doc_password` varchar(20) NOT NULL,
  `doc_confirm_password` varchar(20) NOT NULL,
  `doc_status` int(11) NOT NULL,
  PRIMARY KEY (`doc_id`)
) ENGINE=MyISAM  DEFAULT CHARSET=latin1 AUTO_INCREMENT=19 ;

--
-- Dumping data for table `tbl_doctor`
--

INSERT INTO `tbl_doctor` (`doc_id`, `doc_salutation`, `doc_first_name`, `doc_middle_name`, `doc_last_name`, `doc_address`, `doc_state`, `doc_city`, `doc_pincode`, `doc_mobile_number`, `doc_email_id`, `doc_field_of_specialization`, `doc_certification_proof`, `doc_morning_start`, `doc_morning_end`, `doc_evening_start`, `doc_evening_end`, `doc_consultation_fees`, `doc_first_visit_fee`, `doc_password`, `doc_confirm_password`, `doc_status`) VALUES
(1, 'Dr.', 'Vrutika', 'Dhirendrabhai', 'Premani', '502 Niharika Apartment\r\nPanchavati Main Road', 'Gujarat (GJ)', 'Rajkot', '360005', '9429563295', 'vrutika.premani12@gmail.com', '2', 'upload/', '', '', '', '', 500, 300, 'vrutika', 'vrutika', 0),
(2, 'Dr.', 'grhg', 'jhfu', 'uyuftvu', 'utfuigtei', 'Lakshadweep (LD)', 'iyeufg', '745637', '63849653', 'hdfgyugfj', '5', 'upload/5.jpg', '', '', '', '', 645234, 87537285, 'ggdt', 'trfte', 0),
(12, 'Dr.', 'Bhavya', 'Ketanbhai', 'Shah', 'Collegewadi', 'Gujarat (GJ)', 'Rajkot', '360005', '9909127773', 'bhavya120493@gmail.com', '3', 'upload/bmc.png', '', '', '', '', 800, 400, 'Bhavya@123', 'Bhavya@123', 0),
(18, 'Dr.', 'rajesh', 'mukund', 'parekh', 'rani towers', 'KERALA', '', '121212', '9898989898', 'rajesh@gmail.com', '18', 'upload/5.jpg', '10:00', '12:30', '14:30', '17:00', 800, 600, 'Rajesh', 'Rajesh', 0);

-- --------------------------------------------------------

--
-- Table structure for table `tbl_doctor_feedback`
--

CREATE TABLE IF NOT EXISTS `tbl_doctor_feedback` (
  `pdf_id` int(11) NOT NULL AUTO_INCREMENT,
  `doc_id` int(11) DEFAULT NULL,
  `pdf_subject` varchar(30) NOT NULL,
  `pdf_message` text NOT NULL,
  `pdf_date` date NOT NULL,
  `pdf_status` int(11) NOT NULL,
  PRIMARY KEY (`pdf_id`)
) ENGINE=MyISAM DEFAULT CHARSET=latin1 AUTO_INCREMENT=1 ;

--
-- Dumping data for table `tbl_doctor_feedback`
--


-- --------------------------------------------------------

--
-- Table structure for table `tbl_doctor_fos`
--

CREATE TABLE IF NOT EXISTS `tbl_doctor_fos` (
  `fos_id` int(11) NOT NULL AUTO_INCREMENT,
  `fos_type` varchar(30) NOT NULL,
  `fos_status` int(11) NOT NULL,
  PRIMARY KEY (`fos_id`)
) ENGINE=MyISAM  DEFAULT CHARSET=latin1 AUTO_INCREMENT=24 ;

--
-- Dumping data for table `tbl_doctor_fos`
--

INSERT INTO `tbl_doctor_fos` (`fos_id`, `fos_type`, `fos_status`) VALUES
(1, 'Audiologist', 0),
(2, 'Allergist/Immunologist', 0),
(3, 'Cardiologist', 0),
(4, 'Dentist', 0),
(5, 'Dermetologist', 0),
(6, 'Endocrinologist', 0),
(7, 'Gynecologist', 0),
(8, 'Infectious Disease Specialist', 0),
(9, 'Internal Medicine Specialist', 0),
(10, 'Neonatologist', 0),
(11, 'Neurologist', 0),
(12, 'Obstetrician', 0),
(13, 'Oncologist', 0),
(14, 'Orthopedic Surgeon', 0),
(15, 'ENT Specialist', 0),
(16, 'Pediatrician', 0),
(17, 'Physiologist', 0),
(18, ' Plastic Surgeon', 0),
(19, 'Podiatrist', 0),
(20, 'Psychiatrist', 0),
(21, 'Rheumatologist ', 0),
(22, 'Urologist ', 0),
(23, '', 0);

-- --------------------------------------------------------

--
-- Table structure for table `tbl_doctor_invoice`
--

CREATE TABLE IF NOT EXISTS `tbl_doctor_invoice` (
  `d_invoice_id` int(11) NOT NULL AUTO_INCREMENT,
  `unique_id` varchar(555) NOT NULL,
  `pat_id` int(11) DEFAULT NULL,
  `sym_id` int(11) NOT NULL,
  `member_id` int(11) NOT NULL,
  `doc_id` int(11) DEFAULT NULL,
  `appointment_id` int(11) DEFAULT NULL,
  `appointment_date` varchar(55) DEFAULT NULL,
  `d_invoice_time` time NOT NULL,
  `d_total_amount` float NOT NULL,
  `visit_no` int(11) NOT NULL,
  `d_invoice_status` int(11) NOT NULL,
  PRIMARY KEY (`d_invoice_id`)
) ENGINE=MyISAM  DEFAULT CHARSET=latin1 AUTO_INCREMENT=7 ;

--
-- Dumping data for table `tbl_doctor_invoice`
--

INSERT INTO `tbl_doctor_invoice` (`d_invoice_id`, `unique_id`, `pat_id`, `sym_id`, `member_id`, `doc_id`, `appointment_id`, `appointment_date`, `d_invoice_time`, `d_total_amount`, `visit_no`, `d_invoice_status`) VALUES
(1, '123456789', 3, 9, 0, 1, 1, '04/13/2016', '10:05:13', 500, 1, 0),
(2, '20160321041820', 14, 7, 0, 1, 3, '04/15/2016', '10:06:48', 500, 1, 1),
(4, '123456789', 3, 32, 0, 12, 2, '04/14/2016', '10:13:01', 800, 1, 0),
(5, '20160407070718', 14, 39, 6, 12, 4, '04/14/2016', '10:13:46', 800, 1, 0),
(6, '20160321054836', 14, 14, 5, 1, 5, '04/15/2016', '16:23:01', 500, 1, 0);

-- --------------------------------------------------------

--
-- Table structure for table `tbl_doctor_prescription_medicine`
--

CREATE TABLE IF NOT EXISTS `tbl_doctor_prescription_medicine` (
  `pre_med_id` int(11) NOT NULL AUTO_INCREMENT,
  `appointment_id` int(11) DEFAULT NULL,
  `med_name` varchar(70) DEFAULT NULL,
  `pre_med_status` int(11) NOT NULL,
  PRIMARY KEY (`pre_med_id`)
) ENGINE=MyISAM  DEFAULT CHARSET=latin1 AUTO_INCREMENT=2 ;

--
-- Dumping data for table `tbl_doctor_prescription_medicine`
--

INSERT INTO `tbl_doctor_prescription_medicine` (`pre_med_id`, `appointment_id`, `med_name`, `pre_med_status`) VALUES
(1, 1, 'DEXPURE 10MG TABLET,DEXPURE 5MG TABLET', 0);

-- --------------------------------------------------------

--
-- Table structure for table `tbl_doctor_prescription_report`
--

CREATE TABLE IF NOT EXISTS `tbl_doctor_prescription_report` (
  `pre_id` int(11) NOT NULL AUTO_INCREMENT,
  `appointment_id` int(11) DEFAULT NULL,
  `unique_id` varchar(555) NOT NULL,
  `lab_id` int(11) DEFAULT NULL,
  `med_test_name` varchar(70) DEFAULT NULL,
  `pre_status` int(11) NOT NULL,
  PRIMARY KEY (`pre_id`)
) ENGINE=MyISAM  DEFAULT CHARSET=latin1 AUTO_INCREMENT=6 ;

--
-- Dumping data for table `tbl_doctor_prescription_report`
--

INSERT INTO `tbl_doctor_prescription_report` (`pre_id`, `appointment_id`, `unique_id`, `lab_id`, `med_test_name`, `pre_status`) VALUES
(1, 1, '123456789', 1, 'Platelet Count,B. Sugar Random', 0),
(2, 3, '20160321041820', 1, 'S. Cholesterol,S.Billirubin', 0),
(3, 2, '123456789', 1, 'Platelet Count,B. Urea', 0),
(4, 4, '20160407070718', 1, 'Stools Examination', 0),
(5, 5, '20160321054836', 1, 'Blood Group And Rh,Platelet Count', 1);

-- --------------------------------------------------------

--
-- Table structure for table `tbl_emedicine_name`
--

CREATE TABLE IF NOT EXISTS `tbl_emedicine_name` (
  `emed_name_id` int(11) NOT NULL AUTO_INCREMENT,
  `emed_type_id` int(11) DEFAULT NULL,
  `emed_name` varchar(40) NOT NULL,
  `emed_name_status` int(11) NOT NULL,
  PRIMARY KEY (`emed_name_id`)
) ENGINE=MyISAM  DEFAULT CHARSET=latin1 AUTO_INCREMENT=88 ;

--
-- Dumping data for table `tbl_emedicine_name`
--

INSERT INTO `tbl_emedicine_name` (`emed_name_id`, `emed_type_id`, `emed_name`, `emed_name_status`) VALUES
(1, 1, 'Antacids ', 0),
(2, 1, 'Bismuth Subsalicylate ', 0),
(3, 1, 'Hyoscyamine', 0),
(4, 1, 'Simethicone ', 0),
(5, 1, 'Sodium Bicarbonate', 0),
(6, 2, 'Adrenocorticoids (Nasal and Oral Inhalat', 0),
(7, 2, 'Antihistamines ', 0),
(8, 2, 'Azelastine ', 0),
(9, 2, 'Cromolyn', 0),
(10, 2, 'Decongestants ', 0),
(11, 2, 'Ephedrine ', 0),
(12, 2, 'Hydroxyzine', 0),
(13, 3, 'Antihistamines ', 0),
(14, 3, 'Dronabinol', 0),
(15, 4, 'Appetite Suppressants', 0),
(16, 4, 'Sibutramine', 0),
(17, 5, 'Bronchodilators, Adrenergic', 0),
(18, 5, 'Bronchodilators, Xanthine', 0),
(19, 5, 'Ephedrine ', 0),
(20, 5, 'Ipratropium ', 0),
(21, 5, 'Theophylline', 0),
(22, 6, 'Acetohydroxamic Acid (AHA)', 0),
(23, 6, 'Cephalosporins ', 0),
(24, 6, 'Chloramphenicol ', 0),
(25, 6, 'Erythromycins ', 0),
(26, 6, 'Lincomycin ', 0),
(27, 6, 'Tetracyclines, (Doxycycline, Minocycline', 0),
(28, 6, 'Vancomycin', 0),
(29, 7, 'Antifibrinolytic Agents ', 0),
(30, 7, 'Vitamin K', 0),
(31, 8, 'Adrenocorticoids (Topical) ', 0),
(32, 8, 'Anesthetics (Topical)', 0),
(33, 9, 'Anticoagulants (Oral)', 0),
(34, 9, 'Dipyridamole ', 0),
(35, 9, 'Ticlopidine', 0),
(36, 10, 'Anesthetics (Topical)', 0),
(37, 10, 'Zinc Supplements', 0),
(38, 11, 'Cholestyramine ', 0),
(39, 11, 'Colestipol ', 0),
(40, 11, 'Ezetimibe ', 0),
(41, 11, 'Gemfibrozil ', 0),
(42, 11, 'Niacin ', 0),
(43, 11, 'Raloxifene', 0),
(44, 12, 'Acetaminophen ', 0),
(45, 12, 'Anticholinergics ', 0),
(46, 12, 'Aspirin ', 0),
(47, 12, 'Dextromethorphan ', 0),
(48, 12, 'Ephedrine ', 0),
(49, 12, 'Guaifenesin ', 0),
(50, 12, 'Pseudoephedrine', 0),
(51, 13, 'Antibacterials (Ophthalmic) ', 0),
(52, 13, 'Antivirals (Ophthalmic)', 0),
(53, 14, 'Acetaminophen ', 0),
(54, 14, 'NSAIDs ', 0),
(55, 14, 'Aspirin ', 0),
(56, 14, 'Barbiturates, Aspirin and Codeine', 0),
(57, 14, 'Chlorzaxozine and Acetaminophen', 0),
(58, 14, 'Salicylates', 0),
(59, 15, 'Acetaminophen (Fioricet)', 0),
(60, 15, 'Antihistamines ', 0),
(61, 15, 'Barbiturates, Aspirin and Codeine', 0),
(62, 15, 'Buspirone ', 0),
(63, 15, 'Butorphanol ', 0),
(64, 15, 'Ergotamine ', 0),
(65, 16, 'Alpha Adrenergic Receptor Blockers', 0),
(66, 16, 'Angiotensin-Converting Enzyme (ACE) Inhi', 0),
(67, 16, 'Eplerenone ', 0),
(68, 16, 'Guanfacine ', 0),
(69, 16, 'Indapamide ', 0),
(70, 16, 'Methyldopa ', 0),
(71, 16, 'Minoxidil ', 0),
(72, 17, 'Baclofen ', 0),
(73, 17, 'Chlorzoxazone and Acetaminophen', 0),
(74, 17, 'Cyclobenzaprine ', 0),
(75, 17, 'Dantrolene ', 0),
(76, 17, 'Muscle Relaxants, Skeletal, Carisoprodol', 0),
(77, 17, 'Orphenadrine ', 0),
(78, 17, 'Orphenadrine, Aspirin and Caffeine', 0),
(79, 17, 'Quinine ', 0),
(80, 17, 'Tizanidine', 0),
(81, 18, 'Bismuth Subsalicylate', 0),
(82, 18, 'Hydroxyzine ', 0),
(83, 18, 'Nabilone ', 0),
(84, 18, 'Scopolamine ', 0),
(85, 18, 'Trimethobenzamide', 0),
(86, 19, 'Charcoal Activated ', 0),
(87, 19, 'Ipecac', 0);

-- --------------------------------------------------------

--
-- Table structure for table `tbl_emedicine_type`
--

CREATE TABLE IF NOT EXISTS `tbl_emedicine_type` (
  `emed_type_id` int(11) NOT NULL AUTO_INCREMENT,
  `emed_type` varchar(100) NOT NULL,
  `emed_type_status` int(11) NOT NULL,
  PRIMARY KEY (`emed_type_id`)
) ENGINE=MyISAM  DEFAULT CHARSET=latin1 AUTO_INCREMENT=20 ;

--
-- Dumping data for table `tbl_emedicine_type`
--

INSERT INTO `tbl_emedicine_type` (`emed_type_id`, `emed_type`, `emed_type_status`) VALUES
(1, 'Acid Indigestion and Upset Stomach', 0),
(2, 'Allergies and Allergic Reactions', 0),
(3, 'Appetite Stimulant', 0),
(4, 'Appetite Suppressant', 0),
(5, 'Asthma', 0),
(6, 'Bacterial Infections', 0),
(7, 'Bleeding', 0),
(8, 'Bites and Stings', 0),
(9, 'Blood Clots', 0),
(10, 'Burns', 0),
(11, 'Cholesterol, High', 0),
(12, 'Colds and Cough', 0),
(13, 'Conjunctivitis (Pink Eye)', 0),
(14, 'Fever', 0),
(15, 'Headache (Cluster, Migraine, Sinus, Tension, Vascular)', 0),
(16, 'Hypertension (High Blood Pressure)', 0),
(17, 'Muscle Cramp, Spasm, Strain', 0),
(18, 'Nausea and Vomiting', 0),
(19, 'Poisoning', 0);

-- --------------------------------------------------------

--
-- Table structure for table `tbl_laboratory`
--

CREATE TABLE IF NOT EXISTS `tbl_laboratory` (
  `lab_id` int(11) NOT NULL AUTO_INCREMENT,
  `lab_name` varchar(50) NOT NULL,
  `lab_address` text NOT NULL,
  `lab_state` varchar(50) NOT NULL,
  `lab_city` varchar(50) NOT NULL,
  `lab_pincode` varchar(10) NOT NULL,
  `lab_contact_number` varchar(10) NOT NULL,
  `lab_working_hours` int(11) NOT NULL,
  `lab_email_id` varchar(50) NOT NULL,
  `lab_certification_proof` blob NOT NULL,
  `lab_password` varchar(20) NOT NULL,
  `lab_confirm_password` varchar(20) NOT NULL,
  `lab_status` int(11) NOT NULL,
  PRIMARY KEY (`lab_id`)
) ENGINE=MyISAM  DEFAULT CHARSET=latin1 AUTO_INCREMENT=4 ;

--
-- Dumping data for table `tbl_laboratory`
--

INSERT INTO `tbl_laboratory` (`lab_id`, `lab_name`, `lab_address`, `lab_state`, `lab_city`, `lab_pincode`, `lab_contact_number`, `lab_working_hours`, `lab_email_id`, `lab_certification_proof`, `lab_password`, `lab_confirm_password`, `lab_status`) VALUES
(1, 'hari om', 'kalawad road ', 'Gujarat (GJ)', 'rajkot', '360002', '0821454545', 4, '1', 0x62686a626a62, '1', 'Asdfg123@', 0),
(2, 'Medical', 'cg road', 'Gujarat (GJ)', 'ahemdabad', '380001', '21245785', 5, 'medical_labs@yahoo.co.in', 0x6768676a677974, '2', '2', 0),
(3, 'bengal', 'west bengal road', 'West Bengal(WB)', 'kolkata', '369852', '132564889', 3, '3', 0x6b6a6b6a686a67, '3', '3', 0);

-- --------------------------------------------------------

--
-- Table structure for table `tbl_laboratory_feedback`
--

CREATE TABLE IF NOT EXISTS `tbl_laboratory_feedback` (
  `plf_id` int(11) NOT NULL AUTO_INCREMENT,
  `lab_id` int(11) DEFAULT NULL,
  `plf_subject` varchar(30) NOT NULL,
  `plf_message` text NOT NULL,
  `plf_status` int(11) NOT NULL,
  PRIMARY KEY (`plf_id`)
) ENGINE=MyISAM  DEFAULT CHARSET=latin1 AUTO_INCREMENT=2 ;

--
-- Dumping data for table `tbl_laboratory_feedback`
--

INSERT INTO `tbl_laboratory_feedback` (`plf_id`, `lab_id`, `plf_subject`, `plf_message`, `plf_status`) VALUES
(1, 3, 'hsgg', 'utd', 0);

-- --------------------------------------------------------

--
-- Table structure for table `tbl_laboratory_invoice`
--

CREATE TABLE IF NOT EXISTS `tbl_laboratory_invoice` (
  `l_invoice_id` int(11) NOT NULL AUTO_INCREMENT,
  `appointment_id` int(11) DEFAULT NULL,
  `lab_id` int(11) DEFAULT NULL,
  `med_test_name` varchar(100) NOT NULL,
  `l_invoice_date` date NOT NULL,
  `l_invoice_time` time NOT NULL,
  `l_invoice_status` int(11) NOT NULL,
  PRIMARY KEY (`l_invoice_id`)
) ENGINE=MyISAM  DEFAULT CHARSET=latin1 AUTO_INCREMENT=10 ;

--
-- Dumping data for table `tbl_laboratory_invoice`
--

INSERT INTO `tbl_laboratory_invoice` (`l_invoice_id`, `appointment_id`, `lab_id`, `med_test_name`, `l_invoice_date`, `l_invoice_time`, `l_invoice_status`) VALUES
(1, 1, 1, 'Platelet Count', '2016-04-12', '10:26:38', 0),
(2, 1, 1, 'B. Sugar Random', '2016-04-12', '10:26:38', 0),
(3, 2, 1, 'Platelet Count', '2016-04-12', '10:27:31', 0),
(4, 2, 1, 'B. Urea', '2016-04-12', '10:27:31', 0),
(5, 3, 1, 'S. Cholesterol', '2016-04-12', '10:36:36', 1),
(6, 3, 1, 'S.Billirubin', '2016-04-12', '10:36:36', 1),
(7, 4, 1, 'Stools Examination', '2016-04-12', '10:38:14', 1),
(8, 3, 1, 'S. Cholesterol', '2016-04-18', '16:01:23', 0),
(9, 3, 1, 'S.Billirubin', '2016-04-18', '16:01:23', 0);

-- --------------------------------------------------------

--
-- Table structure for table `tbl_laboratory_report`
--

CREATE TABLE IF NOT EXISTS `tbl_laboratory_report` (
  `lab_report_id` int(11) NOT NULL AUTO_INCREMENT,
  `appointment_id` int(11) DEFAULT NULL,
  `lab_id` int(11) DEFAULT NULL,
  `med_test_name` varchar(40) NOT NULL,
  `lab_report_value` varchar(10) NOT NULL,
  `lab_report_date` datetime NOT NULL,
  `lab_report_status1` int(11) NOT NULL,
  `lab_report_status2` int(11) NOT NULL,
  PRIMARY KEY (`lab_report_id`)
) ENGINE=MyISAM  DEFAULT CHARSET=latin1 AUTO_INCREMENT=3 ;

--
-- Dumping data for table `tbl_laboratory_report`
--

INSERT INTO `tbl_laboratory_report` (`lab_report_id`, `appointment_id`, `lab_id`, `med_test_name`, `lab_report_value`, `lab_report_date`, `lab_report_status1`, `lab_report_status2`) VALUES
(1, 3, 1, 'S. Cholesterol', '458', '2016-04-18 16:01:23', 1, 0),
(2, 3, 1, 'S.Billirubin', '745', '2016-04-18 16:01:23', 1, 0);

-- --------------------------------------------------------

--
-- Table structure for table `tbl_medical_report`
--

CREATE TABLE IF NOT EXISTS `tbl_medical_report` (
  `med_report_id` int(11) NOT NULL AUTO_INCREMENT,
  `med_report_name` varchar(40) NOT NULL,
  `med_report_status` int(11) NOT NULL,
  PRIMARY KEY (`med_report_id`)
) ENGINE=MyISAM  DEFAULT CHARSET=latin1 AUTO_INCREMENT=15 ;

--
-- Dumping data for table `tbl_medical_report`
--

INSERT INTO `tbl_medical_report` (`med_report_id`, `med_report_name`, `med_report_status`) VALUES
(1, 'Blood Investigation', 0),
(2, 'Serology', 0),
(3, 'Biochemistry', 0),
(4, 'Lipid Profile', 0),
(5, 'Cardiac Profile', 0),
(6, 'Liver Profile', 0),
(7, 'Kidney Profile', 0),
(8, 'Urine Investigation', 0),
(9, 'Stools Investigation', 0),
(10, 'C.S.F. Investigation', 0),
(11, 'Sputum Investigation', 0),
(12, 'Disease Investigation', 0),
(13, 'Additional Investigation', 0);

-- --------------------------------------------------------

--
-- Table structure for table `tbl_medical_test`
--

CREATE TABLE IF NOT EXISTS `tbl_medical_test` (
  `med_test_id` int(11) NOT NULL AUTO_INCREMENT,
  `med_report_id` int(11) DEFAULT NULL,
  `med_test_name` varchar(40) NOT NULL,
  `med_test_unit` varchar(20) NOT NULL,
  `med_test_price` float NOT NULL,
  `med_test_status` int(11) NOT NULL,
  PRIMARY KEY (`med_test_id`)
) ENGINE=MyISAM  DEFAULT CHARSET=latin1 AUTO_INCREMENT=102 ;

--
-- Dumping data for table `tbl_medical_test`
--

INSERT INTO `tbl_medical_test` (`med_test_id`, `med_report_id`, `med_test_name`, `med_test_unit`, `med_test_price`, `med_test_status`) VALUES
(1, 1, 'CBC', '/cmm', 180, 0),
(2, 1, 'HB%', 'g/dl', 100, 0),
(3, 1, 'T.C/T.D', 'mill/cmm', 150, 0),
(4, 1, 'Mal.Parasite', '/cmm', 150, 0),
(5, 1, 'ESR', '/cmm', 150, 0),
(6, 1, 'Blood Group And Rh', 'none', 200, 0),
(7, 1, 'Platelet Count', '/cmm', 100, 0),
(8, 1, 'P/S', 'mill/cmm', 150, 0),
(9, 1, 'Reticulocyte', 'mill/cmm', 100, 0),
(10, 1, 'B.T/C.T', 'mill/cmm', 120, 0),
(11, 1, 'P.T', '/cmm', 120, 0),
(12, 1, 'APTT', '/cmm', 300, 0),
(13, 1, 'G. 6 PD', '/cmm', 300, 0),
(14, 1, 'Mantoux Test', 'none', 200, 0),
(15, 2, 'Widal Slide', '', 200, 0),
(16, 2, 'Widal Tube', '/mm', 150, 0),
(17, 2, 'ASO Test', '/cmm', 700, 0),
(18, 2, 'RA Test', '', 150, 0),
(19, 2, 'CRP Test', '', 300, 0),
(20, 2, 'ANA Test', '', 250, 0),
(21, 2, 'VDRL', '', 200, 0),
(22, 3, 'B.Sugar Fasting', '', 300, 0),
(23, 3, 'B. Sugar Random', '', 250, 0),
(24, 3, 'B. Sugar PP', '', 300, 0),
(25, 3, 'HbA1C', '', 250, 0),
(26, 3, 'Insulin Check', '', 250, 0),
(27, 4, 'S. Cholesterol', '', 250, 0),
(28, 4, 'S. Triglycerides', '', 250, 0),
(29, 5, 'CPK MB', '', 450, 0),
(30, 5, 'CPK nac', '', 1200, 0),
(31, 5, 'LDH', '', 1100, 0),
(32, 6, 'S.Billirubin', '', 550, 0),
(33, 6, 'SGPT', '', 350, 0),
(34, 6, 'SGOT', '', 250, 0),
(35, 6, 'S. Alk Phosphatase', '', 300, 0),
(36, 6, 'Australia Antigen', '', 250, 0),
(37, 6, 'S. Protiens', '', 350, 0),
(38, 6, 'GGTP', '', 500, 0),
(39, 6, 'S. Amylase', '', 450, 0),
(40, 6, 'Lipase', '', 500, 0),
(41, 7, 'B. Urea', '', 120, 0),
(42, 7, 'S. Creatinine', '', 130, 0),
(43, 7, 'S. Uric Acid', '', 150, 0),
(44, 7, 'S. Electrolytes', '', 450, 0),
(45, 7, 'S. Calcium', '', 200, 0),
(46, 7, 'S. Calcium-Ionised', '', 250, 0),
(47, 7, 'S.Phosphorous', '', 200, 0),
(48, 7, 'S.Ammonia', '', 500, 0),
(49, 7, 'S.Potassium', '', 200, 0),
(50, 7, 'S.Chloride', '', 200, 0),
(51, 7, 'S.Bicarbonate', '', 400, 0),
(52, 8, 'Urine R/M', '', 100, 0),
(53, 8, 'Urine Albumin', '', 40, 0),
(54, 8, 'Urine BS BP', '', 50, 0),
(55, 8, 'Urine Prot/Creat Ratio', '', 300, 0),
(56, 8, 'Urine B-J Protien', '', 150, 0),
(57, 8, 'Urine AFB', '', 300, 0),
(58, 8, 'Pregnancy Test', '', 100, 0),
(59, 9, 'Stools Examination', '', 200, 0),
(60, 9, 'Stools Occult Blood', '', 100, 0),
(61, 10, 'CSF R/M', '', 500, 0),
(62, 10, 'CSF Routine', '', 450, 0),
(63, 11, 'Sputum R/F', '', 300, 0),
(64, 11, 'Sputum AFB', '', 200, 0),
(65, 11, 'Culture and Sens', '', 150, 0),
(66, 12, 'Chikungunea Igm', '', 650, 0),
(67, 12, 'Dengue Card Test', '', 650, 0),
(68, 12, 'HIV I & II', '', 250, 0),
(69, 12, 'HIV,HBsAg, HCV-ECLIA', '', 1250, 0),
(70, 12, 'HIV-Western Blot', '', 2000, 0),
(71, 12, 'Jaundice Card Test', '', 250, 0),
(72, 12, 'Maleria Card Test', '', 250, 0),
(73, 12, 'Measles Card Test', '', 250, 0),
(74, 12, 'Mumps Card Test', '', 300, 0),
(75, 12, 'Swine Flu Card Test ', '', 350, 0),
(76, 12, 'Tuberculosis Card Test', '', 400, 0),
(77, 12, 'Typhoid Card Test', '', 400, 0),
(78, 13, 'T3', '', 250, 0),
(79, 13, 'T4', '', 250, 0),
(80, 13, 'TSH', '', 250, 0),
(81, 13, 'FT3', '', 250, 0),
(82, 13, 'FT4', '', 250, 0),
(83, 13, 'T3 T4 TSH', '', 250, 0),
(84, 13, 'FT3 FT4 TSH', '', 250, 0),
(85, 13, 'PSA', '', 300, 0),
(86, 13, 'S. Prolactin', '', 200, 0),
(87, 13, 'TORCH', '', 250, 0),
(88, 13, 'Vitamin B12', '', 600, 0),
(89, 13, 'Vitamin D', '', 500, 0),
(90, 13, 'Iron', '', 300, 0),
(91, 13, 'S.Lithium', '', 400, 0),
(92, 13, 'Pus culture & Sens', '', 350, 0),
(93, 13, 'Pleural Fluid', '', 250, 0),
(94, 13, 'Peritoneal Fluid', '', 350, 0),
(95, 13, 'Testosterone', '', 400, 0),
(96, 13, 'Semen Analysis', '', 600, 0),
(97, 13, 'DNA Test', 'none', 1000, 0),
(98, 13, 'Thyroid Test', 'none', 2300, 0),
(99, 13, 'Thalassemia Test', 'ml', 8000, 0),
(100, 8, 'Nicotine Metabolite', 'none', 1600, 0);

-- --------------------------------------------------------

--
-- Table structure for table `tbl_medicine_name`
--

CREATE TABLE IF NOT EXISTS `tbl_medicine_name` (
  `med_name_id` int(11) NOT NULL AUTO_INCREMENT,
  `med_type_id` int(11) DEFAULT NULL,
  `med_name` varchar(50) NOT NULL,
  `med_name_status` int(11) NOT NULL,
  PRIMARY KEY (`med_name_id`)
) ENGINE=MyISAM  DEFAULT CHARSET=latin1 AUTO_INCREMENT=1002 ;

--
-- Dumping data for table `tbl_medicine_name`
--

INSERT INTO `tbl_medicine_name` (`med_name_id`, `med_type_id`, `med_name`, `med_name_status`) VALUES
(1, 1, 'CLAFORAN O DT 100MG TABLET', 0),
(2, 1, 'CLAFORAN O DT 200MG TABLET', 0),
(3, 1, 'D KOOL CAPSULE ', 0),
(4, 1, 'DELIVERA CREAM 50GM', 0),
(5, 1, 'DEXPURE D CAPSULE', 0),
(6, 1, 'DEXPURE 10MG TABLET', 0),
(7, 1, 'DEXPURE 5MG TABLET', 0),
(8, 1, 'EDETO 10MG TABLET', 0),
(9, 1, 'EFATOP C LOTION 75ML', 0),
(10, 1, 'EFETRAN CAPSULE ', 0),
(11, 1, 'ENLIVA CAPSULE ', 0),
(12, 1, 'ETOXIB 90MG TABLET', 0),
(13, 1, 'ETOXIB 60MG TABLET', 0),
(14, 1, 'ETOXIB 120MG TABLET', 0),
(15, 1, 'FREGID TABLET', 0),
(16, 1, 'JUNIOR LANZOL 15MG TABLET', 0),
(17, 1, 'JUNIOR LANZOL 30MG TABLET', 0),
(18, 1, 'KYRAB 10MG TABLET', 0),
(19, 1, 'KYRAB D CAPSULE', 0),
(20, 1, 'LAFAXID 10MG TABLET', 0),
(21, 1, 'LAFAXID D TABLET', 0),
(22, 1, 'LAFUDAC 10MG TABLET', 0),
(23, 1, 'LAFUDAC D CAPSULE', 0),
(24, 1, 'LAN 30MG CAPSULE', 0),
(25, 1, 'LAN 15MG CAPSULE', 0),
(26, 1, 'LANCIBAY 30MG CAPSULE', 0),
(27, 1, 'LANCID 30MG CAPSULE', 0),
(28, 1, 'LANCID 15MG CAPSULE', 0),
(29, 1, 'LANPRO 30MG CAPSULE', 0),
(30, 1, 'LANZAP 30MG CAPSULE', 0),
(31, 1, 'LANZOL 30MG CAPSULE', 0),
(32, 1, 'LANZOL 15MG CAPSULE', 0),
(33, 1, 'NEOPRIDE 25MG TABLET', 0),
(34, 1, 'NEOPRIDE TOTAL CAPSULE', 0),
(35, 1, 'NEOPRIDE MPS TABLET', 0),
(36, 1, 'NEOPRIDE SR 75MG TABLET', 0),
(37, 1, 'NEOPRIDE INJECTION 2ML', 0),
(38, 1, 'NEOPRIDE 50MG TABLET', 0),
(39, 1, 'OLEZ 10MG TABLET', 0),
(40, 1, 'OLEZ DSR CAPSULE', 0),
(41, 1, 'OTC HP KIT', 0),
(42, 1, 'PANTOCID L CAPSULE', 0),
(43, 1, 'PYLOKIT KIT', 0),
(44, 1, 'RABEKIND PLUS TABLET', 0),
(45, 1, 'RABLET L CAPSULE', 0),
(46, 1, 'RCLONAC CAPSULE', 0),
(47, 1, 'REKOOL L 20MG TABLET', 0),
(48, 1, 'REPEPSA TABLET', 0),
(49, 1, 'REPEPSA D CAPSULE', 0),
(50, 1, 'SAFEDICLO CAPSULE', 0),
(51, 1, 'VELOZ L CAPSULE', 0),
(52, 1, 'WOKRIDE CAPSULE', 0),
(53, 1, 'ZES 30MG CAPSULE', 0),
(54, 2, '3 NITE SUPPOSITORIES', 0),
(55, 2, '4QUIN EYE DROPS 5ML', 0),
(56, 2, 'AB PHYLLINE SR 200MG TABLET', 0),
(57, 2, 'AB PHYLLINE SYRUP 100ML', 0),
(58, 2, 'ADX 500MG CAPSULE', 0),
(59, 2, 'ALDINIR SYRUP 30ML', 0),
(60, 2, 'B BACT OINTMENT 5GM', 0),
(61, 2, 'B FIT CD TABLET', 0),
(62, 2, 'B FIT TABLET', 0),
(63, 2, 'BACTROBAN OINTMENT 5GM', 0),
(64, 2, 'BONSALIC TABLET', 0),
(65, 2, 'C FODE 100MG TABLET', 0),
(66, 2, 'CEBANEX FORTE 3GM INJECTION', 0),
(67, 2, 'CEFDITRAN 200MG TABLET', 0),
(68, 2, 'CEFERA O 200MG TABLET', 0),
(69, 2, 'DALACIN C 600MG INJECTION 4ML', 0),
(70, 2, 'DALACIN C 300MG INJECTION 2ML', 0),
(71, 2, 'DELPOCEFT TABLET', 0),
(72, 2, 'DENTOGEL GEL 10GM', 0),
(73, 2, 'DENZYME TABLET', 0),
(74, 2, 'ECOCEF O TABLET', 0),
(75, 2, 'EDOX DT TABLET', 0),
(76, 2, 'EDOX 100MG CAPSULE', 0),
(77, 2, 'EDOX 200MG CAPSULE', 0),
(78, 2, 'FINARA 5MG TABLET', 0),
(79, 2, 'FLAREX EYE DROPS 5ML', 0),
(80, 2, 'FLAVATE 200MG TABLET', 0),
(81, 2, 'FLAZACOR 6MG TABLET', 0),
(82, 2, 'GABAMET TABLET', 0),
(83, 2, 'GEMBAX TABLET', 0),
(84, 2, 'GQ 320MG TABLET', 0),
(85, 2, 'HHFUDIC CREAM 10GM', 0),
(86, 2, 'HHSONE CREAM 10GM', 0),
(87, 2, 'HIFEN DT 200MG TABLET', 0),
(88, 2, 'HIFEN 400MG TABLET', 0),
(89, 2, 'I NEM 500MG INJECTION', 0),
(90, 2, 'ICUBAC 1GM INJECTION', 0),
(91, 2, 'IME CILA 500MG INJECTION', 0),
(92, 2, 'IMICRIT 500MG INJECTION', 0),
(93, 2, 'IONSIL CREAM 15GM', 0),
(94, 2, 'JONFLOX SYRUP 60ML', 0),
(95, 2, 'JONFLOX 200MG TABLET', 0),
(96, 2, 'JONFLOX O TABLET', 0),
(97, 2, 'KEFMAX 200MG TABLET', 0),
(98, 2, 'KLACID 500MG INJECTION', 0),
(99, 2, 'KLARIM DT 125MG TABLET', 0),
(100, 2, 'KLINZ INJECTION 4ML', 0),
(101, 2, 'LACOM CAPSULE', 0),
(102, 2, 'LACOM CV 625MG TABLET', 0),
(103, 2, 'LAPROST EYE DROPS 3ML', 0),
(104, 2, 'LAZANOL 500MG TABLET', 0),
(105, 2, 'LUFIXCIN 200MG TABLET', 0),
(106, 2, 'M TAZ CREAM 15GM', 0),
(107, 2, 'MACFLOX TABLET', 0),
(108, 2, 'MET NEUROBION OD CAPSULE', 0),
(109, 2, 'MOMEX CREAM 20GM', 0),
(110, 2, 'MYTICOM EYE DROPS 5ML', 0),
(111, 2, 'NITROFUR SR TABLET', 0),
(112, 2, 'NOVAMOX CV FORTE 457MG SYRUP 30ML', 0),
(113, 2, 'OFLA 200MG TABLET', 0),
(114, 2, 'OFLOSTAR 200MG TABLET', 0),
(115, 2, 'OLO 200MG TABLET', 0),
(116, 2, 'OLO OZ TABLET', 0),
(117, 2, 'PEPDOX CAPSULE', 0),
(118, 2, 'PIMPLE CURE CREAM 20GM', 0),
(119, 1, 'POLARES DT 100MG TABLET', 0),
(120, 2, 'QUINOBID 200MG TABLET', 0),
(121, 2, 'QUINOBID TZ TABLET', 0),
(122, 2, 'QZINEX 500MG TABLET', 0),
(123, 2, 'ROSCILOX 500MG INJECTION', 0),
(124, 2, 'ROXIBEST 150MG TABLET', 0),
(125, 2, 'RTIST SUSPENSION 30ML', 0),
(126, 2, 'SEBIFIN PLUS CREAM 15GM', 0),
(127, 2, 'SIOMOX EYE DROPS 5ML', 0),
(128, 2, 'SUPATRET C GEL 15GM', 0),
(129, 2, 'TAZCAN 4.5GM INJECTION', 0),
(130, 2, 'TAZIRA LYO 4.5GM INJECTION', 0),
(131, 2, 'TAZOFAST 4.5GM INJECTION', 0),
(132, 2, 'TINIMOX TABLET ', 0),
(133, 2, 'UROFLOX 400MG TABLET', 0),
(134, 2, 'UTICHEK TABLET', 0),
(135, 2, 'VIBAZINE DT 200MG TABLET', 0),
(136, 2, 'VIGAMOX EYE DROPS 5ML', 0),
(137, 2, 'VOFEE 500MG TABLET ', 0),
(138, 2, 'VOXAFLO 500MG TABLET', 0),
(139, 2, 'WIDCEF 1.5GM INJECTION', 0),
(140, 2, 'WYMOX DT 250MG TABLET', 0),
(141, 2, 'WYMOX 250MG CAPSULE', 0),
(142, 2, 'XCEFT LB DT 100MG TABLET', 0),
(143, 2, 'XCEFT 200MG TABLET', 0),
(144, 2, 'XOCLAVE DUO DRY SYRUP 30ML', 0),
(145, 2, 'XONE 500MG INJECTION', 0),
(146, 2, 'XOP L TABLET', 0),
(147, 2, 'XOY S INJECTION', 0),
(148, 2, 'ZETEX 250MG TABLET', 0),
(149, 2, 'ZETRI 1GM INJECTION', 0),
(150, 2, 'ZIDIME DT 100MG TABLET', 0),
(151, 2, 'ZIDIME 200MG TABLET', 0),
(152, 2, 'ZIFEXIM TABLET', 0),
(153, 2, 'ZYMAXID 0.5% SOLUTION 2.5ML', 0),
(154, 3, 'AGOPREX TABLET', 0),
(155, 3, 'AGOTINE 25MG TABLET', 0),
(156, 3, 'ALDIGESIC P TABLET', 0),
(157, 3, 'BOOSTRIX INJECTION', 0),
(158, 3, 'BUPRON SR 150MG TABLET', 0),
(159, 3, 'BUPRON XL 150MG TABLET', 0),
(160, 3, 'CUTICARE CREAM 15GM', 0),
(161, 3, 'CZ PLUS TABLET', 0),
(162, 3, 'DESVEREN 50MG TABLET', 0),
(163, 3, 'DIFLUCOR EYE DROPS 5ML', 0),
(164, 3, 'DIPROVATE N PLUS CREAM 20GM', 0),
(165, 3, 'ECITALOP 10MG TABLET', 0),
(166, 3, 'ECOPROT CHOCOLATE POWDER 200G', 0),
(167, 3, 'FM 10.5MG TABLET', 0),
(168, 3, 'FORCALM TABLET', 0),
(169, 3, 'FRANXIT O 12.5MG TABLET', 0),
(170, 3, 'GABANTIP AT TABLET', 0),
(171, 3, 'GABANTIP AT 100MG TABLET', 0),
(172, 3, 'GLADOR M 1 TABLET', 0),
(173, 3, 'HB PLUS CAPSULE', 0),
(174, 3, 'INOSERT 50MG TABLET', 0),
(175, 3, 'INOSERT 25MG TABLET', 0),
(176, 3, 'INTALITH 300MG TABLET', 0),
(177, 3, 'INTALITH CR 450MG TABLET', 0),
(178, 3, 'JOLIVEL 5MG TABLET', 0),
(179, 3, 'LITHIC SR 400MG TABLET', 0),
(180, 3, 'LUPIBLISS TABLET', 0),
(181, 3, 'MIRSOL 15MG TABLET', 0),
(182, 3, 'MIRZAT 15MG TABLET', 0),
(183, 3, 'MIRZEST 7.5MG TABLET', 0),
(184, 3, 'NORTIPAN TABLET', 0),
(185, 3, 'NOVELTIN TABLET', 0),
(186, 3, 'OCIFRIL 25MG TABLET', 0),
(187, 3, 'OPIPROL 50MG TABLET', 0),
(188, 3, 'OPIPROL 100MG TABLET', 0),
(189, 3, 'PLATIN 50MG INJECTION 50ML', 0),
(190, 3, 'PRASILEX 5MG TABLET', 0),
(191, 3, 'RECITA 10MG TABLET', 0),
(192, 3, 'REXIPRA FX 5 TABLET', 0),
(193, 3, 'SERMIND 50MG TABLET', 0),
(194, 3, 'SERTA 100MG TABLET', 0),
(195, 3, 'STABLON TABLET', 0),
(196, 3, 'TRAZE 25MG TABLET', 0),
(197, 3, 'TRILITH SR 450MG TABLET', 0),
(198, 3, 'UNIDEX 50MG TABLET', 0),
(199, 3, 'UVOX 100MG TABLET', 0),
(200, 3, 'VERSIDEP NF TABLET', 0),
(201, 3, 'VOXAMIN 50MG TABLET', 0),
(202, 3, 'WAKLERT 150MG TABLET', 0),
(203, 3, 'WAKLERT 50MG TABLET', 0),
(204, 3, 'ZOSERT 100MG TABLET ', 0),
(205, 3, 'ZOTRAL 100MG TABLET', 0),
(206, 3, 'ZYVEN OD PLUS 50MG TABLET', 0),
(207, 4, 'XINASONE CREAM 15GM', 0),
(208, 4, 'XINASONE HP CREAM 15GM', 0),
(209, 4, 'XINASONE C CREAM 15GM', 0),
(210, 5, 'SKLICE', 0),
(211, 5, 'STROMECTOL', 0),
(212, 5, 'IVOMEC', 0),
(213, 5, 'MECTIZAN', 0),
(214, 5, 'NICLOCIDE', 0),
(215, 5, 'BILTRICIDE', 0),
(216, 5, 'ANTIMINTH', 0),
(217, 5, 'AUT', 0),
(218, 5, 'COBANTRIL', 0),
(219, 5, 'HELMEX', 0),
(220, 5, 'LOMBRIAREU', 0),
(221, 5, 'TRILOMBRIN', 0),
(222, 5, 'DERBAC', 0),
(223, 5, 'OVIDE', 0),
(224, 5, 'ACTICIN', 0),
(225, 5, 'ELIMITE', 0),
(226, 6, 'AKT 2 TABLET', 0),
(227, 6, 'AKT FD KIT', 0),
(228, 6, 'AKURIT Z KID TABLET ', 0),
(229, 6, 'COXERIN 250MG CAPSULE', 0),
(230, 6, 'CYCLORIN 250MG TABLET', 0),
(231, 6, 'DUFAXIMIN 550MG TABLET', 0),
(232, 6, 'DUFAXIMIN 400MG TABLET', 0),
(233, 6, 'ELENOX 0.25MCG CAPSULE', 0),
(234, 6, 'ELFECOL TABLET', 0),
(235, 6, 'ELFECOL SYRUP 60ML', 0),
(236, 6, 'ETHIDE TABLET', 0),
(237, 6, 'FORECOX KIT', 0),
(238, 6, 'FORECOX 150MG TABLET', 0),
(239, 6, 'FORECOX 450MG TABLET', 0),
(240, 6, 'GLYLIM FORTE TABLET', 0),
(241, 6, 'IMMUMOD SYRUP 200ML', 0),
(242, 6, 'IMMUMOD 500MG TABLET', 0),
(243, 6, 'ISOKIN 300MG TABLET', 0),
(244, 6, 'MACOX ZH 150MG TABLET', 0),
(245, 6, 'MYCOBUTOL 800MG TABLET', 0),
(246, 6, 'RHE FD 150MG TABLET', 0),
(247, 6, 'RIBUTIN CAPSULE', 0),
(248, 6, 'RIFAGUT 200MG TABLET', 0),
(249, 6, 'SIBOFIX 200MG TABLET', 0),
(250, 6, 'SOLONEX 300MG TABLET', 0),
(251, 6, 'TORFIX 200MG TABLET', 0),
(252, 6, 'TORFIX 550MG TABLET', 0),
(253, 6, 'TORFIX 400MG TABLET', 0),
(254, 6, 'XIFAPILL 400MG TABLET', 0),
(255, 6, 'XIFAPILL 200MG TABLET', 0),
(256, 6, 'ZIMIGUT 550MG TABLET', 0),
(257, 7, 'AMANTREL CAPSULE', 0),
(258, 7, 'COF Q D SYRUP 100ML', 0),
(259, 7, 'COF Q TABLET', 0),
(260, 7, 'COFSTOP A EXPECTORENT 100ML', 0),
(261, 7, 'COFSTOP Z SYRUP 100ML', 0),
(262, 7, 'FEBREX PLUS SYRUP', 0),
(263, 7, 'NOSCOTUSS SUSPENSION 100ML', 0),
(264, 7, 'PARKITIDIN TABLET', 0),
(265, 7, 'PIRITON CS EXPECTORENT 100ML', 0),
(266, 7, 'PIRITON EXPECTORENT 100ML', 0),
(267, 7, 'PIRITON EXPECTORENT 120ML', 0),
(268, 8, 'A PHYL CAPSULE', 0),
(269, 8, 'ABRO SR 200MG TABLET', 0),
(270, 8, 'AIRLUNG TABLET', 0),
(271, 8, 'AIRMONT TABLET', 0),
(272, 8, 'BAYACE CAPSULE ', 0),
(273, 8, 'BDX EXPECTORENT 100ML', 0),
(274, 8, 'BUDEZ CR CAPSULE', 0),
(275, 8, 'BUNASE 0.5MG RESPULES 2ML', 0),
(276, 8, 'CADIPHYLATE ELIXIR 200ML', 0),
(277, 8, 'CEBOFYL CAPSULE', 0),
(278, 8, 'CELKAST TABLET', 0),
(279, 8, 'D 500 CAL TABLET', 0),
(280, 8, 'DEEP SENZ OINTMENT 50GM', 0),
(281, 8, 'DELPOMONT SYRUP 60ML', 0),
(282, 8, 'DERINIDE 0.5MG RESPULES 2ML', 0),
(283, 8, 'DERINIDE AQ NASAL SPRAY 10ML', 0),
(284, 8, 'DOXOZET 400MG TABLET', 0),
(285, 8, 'DURASALYN SYRUP 100ML', 0),
(286, 8, 'ELA CREAM 50GM', 0),
(287, 8, 'ENERZ ME INJECTION 1ML', 0),
(288, 8, 'ENERZ ME TABLET', 0),
(289, 8, 'ENZOHEAL D TABLET', 0),
(290, 8, 'ENZOHEAL OINTMENT 5GM', 0),
(291, 8, 'ENZOHEAL FORTE TABLET', 0),
(292, 8, 'ENZOHEAL TABLET', 0),
(293, 8, 'EVOCORT 400MG ROTACAPS', 0),
(294, 8, 'FARBISURE TABLET ', 0),
(295, 8, 'FARBISURE SYRUP 150ML', 0),
(296, 8, 'FARONAC TABLET', 0),
(297, 8, 'FLOKIND F TABLET', 0),
(298, 8, 'FLOLEV 500MG TABLET', 0),
(299, 8, 'FLUENCIA L TABLET', 0),
(300, 8, 'GCS TABLET', 0),
(301, 8, 'GEFE MAX 1GM INJECTION', 0),
(302, 8, 'GELUPAN D CAPSULE', 0),
(303, 8, 'GLEMONT 5MG TABLET', 0),
(304, 8, 'GLUCONORM PG 1MG TABLET', 0),
(305, 8, 'GLUCONORM PG 2MG TABLET', 0),
(306, 8, 'GLUCONORM PG L1 FORTE TABLET', 0),
(307, 8, 'INTEX L TABLET', 0),
(308, 8, 'KAIFYL 400MG TABLET', 0),
(309, 8, 'KOFAREST PD SYRUP 60ML', 0),
(310, 8, 'KOFAREST LS SYRUP 100ML', 0),
(311, 8, 'KOFAREST DX LINCTUS 60ML', 0),
(312, 8, 'KOFAREST PD DROPS 15ML', 0),
(313, 8, 'LAZINE 5MG TABLET', 0),
(314, 8, 'LCF KID COUGH FORMULA 60ML', 0),
(315, 8, 'LCF EXPECTORANT 100ML', 0),
(316, 8, 'LEECET M TABLET', 0),
(317, 8, 'MONDESLOR TABLET', 0),
(318, 8, 'MONTAIR 10MG TABLET', 0),
(319, 8, 'MONTAIR FX TABLET', 0),
(320, 8, 'MONTEWOK LC TABLET', 0),
(321, 8, 'MONTU 5MG TABLET', 0),
(322, 8, 'MONTU 10MG TABLET', 0),
(323, 8, 'MUCOLINC TABLET', 0),
(324, 8, 'MUCOPHYLIN CAPSULE ', 0),
(325, 8, 'N8 LC TABLET', 0),
(326, 8, 'ODIMONT FX TABLET', 0),
(327, 8, 'ODIMONT LC TABLET ', 0),
(328, 8, 'ODIMONT AL TABLET', 0),
(329, 8, 'ODIMONT 5MG TABLET', 0),
(330, 8, 'OXYBRO 100MG CAPSULE', 0),
(331, 8, 'P ZIDE 750MG TABLET', 0),
(332, 8, 'PULMICORT 200MCG INHALER 100MD', 0),
(333, 8, 'PULMOZA TABLET', 0),
(334, 8, 'PYZINA 750MG TABLET', 0),
(335, 8, 'PYZINA 500MG TABLET', 0),
(336, 8, 'QUIKHALE SF 250MG/3.6GM INHALER 60MD', 0),
(337, 8, 'QUIKHALE FF 250MG/9.6GM INHALER 160MD', 0),
(338, 8, 'QUIKHALE FB 400MG ROTACAP', 0),
(339, 8, 'QUIKHALE FB 200MG ROTACAP', 0),
(340, 8, 'QUIKHALE FB 200MG/9.6GM INHALER 160MD', 0),
(341, 8, 'RANMONTE 10MG TABLET ', 0),
(342, 8, 'REFID SYRUP 100ML', 0),
(343, 8, 'RESPICURE LS SYRUP 100ML', 0),
(344, 8, 'RESPICURE TABLET', 0),
(345, 8, 'RZINE M TABLET', 0),
(346, 8, 'SALBID PLUS EXPECTORENT 60ML', 0),
(347, 8, 'SERVIL COUGH SYRUP 100ML', 0),
(348, 8, 'SINGULAIR 5MG TABLET', 0),
(349, 8, 'SIOKOF AS SYRUP 100ML', 0),
(350, 8, 'TIATE TRANSCAPS', 0),
(351, 8, 'TIOMIST RESPICAPS', 0),
(352, 8, 'SMARTI M TABLET', 0),
(353, 8, 'VENT SF 125MG INHALER 120MD', 0),
(354, 8, 'VENT SYRUP 100ML', 0),
(355, 8, 'VENTIBRO SYRUP 100ML', 0),
(356, 8, 'VITARESP FX TABLET', 0),
(357, 8, 'XPUTUM PAED SYRUP 50ML', 0),
(358, 8, 'XPUTUM DROPS 15ML', 0),
(359, 8, 'XPUTUM TABLET', 0),
(360, 7, 'ZYDIP C CREAM 20GM', 0),
(361, 8, 'ZYDIP LOTION 100ML', 0),
(362, 8, 'ZYLERA 5MG TABLET', 0),
(363, 8, 'ZYLERA M TABLET', 0),
(364, 9, 'ADRENOCORTICOIDS (SYSTEMIC) ', 0),
(365, 9, 'AMINOGLUTETHIMIDE ', 0),
(366, 9, 'ANDROGENS ', 0),
(367, 9, 'ANTIANDROGENS, NONSTEROIDAL ', 0),
(368, 9, 'ANTIFUNGALS, AZOLES ', 0),
(369, 9, 'BUSULFAN ', 0),
(370, 9, 'CAPECITABINE ', 0),
(371, 9, 'CHOLARMBUCIL ', 0),
(372, 9, 'CYCLOPHOSPHAMIDE ', 0),
(373, 9, 'ESTRAMUSTINE ', 0),
(374, 9, 'ESTROGENS ', 0),
(375, 9, 'ETOPOSIDE ', 0),
(376, 9, 'FLUTAMIDE ', 0),
(377, 9, 'HYDROXYUREA ', 0),
(378, 9, 'IMATINIB ', 0),
(379, 9, 'LEVAMISOLE ', 0),
(380, 9, 'LOMUSTINE ', 0),
(381, 9, 'MELPHALAN ', 0),
(382, 9, 'MERCAPTOPURINE ', 0),
(383, 9, 'METHOTREXATE ', 0),
(384, 9, 'MITOTANE ', 0),
(385, 9, 'PACLITAXEL', 0),
(386, 9, 'PROCARBAZINE ', 0),
(387, 9, 'PROGESTINS ', 0),
(388, 9, 'TAMOXIFEN ', 0),
(389, 9, 'TESTOLACTONE ', 0),
(390, 9, 'THIOGUANINE ', 0),
(391, 9, 'THYROID HORMONES ', 0),
(392, 9, 'TOREMIFENE', 0),
(393, 9, 'FLUOROURACIL ', 0),
(394, 9, 'MASOPROCOL ', 0),
(395, 9, 'MECHLORETHAMINE (TOPICAL)', 0),
(396, 10, 'ABESTOR 10MG TABLET', 0),
(397, 10, 'ACIFIX SYRUP 180ML', 0),
(398, 10, 'ARPITOR 10MG TABLET', 0),
(399, 10, 'BACTIMAX CREAM 7.5GM', 0),
(400, 10, 'BESTOR FN TABLET', 0),
(401, 10, 'BIOTOR 10MG TABLET', 0),
(402, 10, 'BIOTOR 20MG TABLET', 0),
(403, 10, 'BIOVAS 10MG TABLET', 0),
(404, 10, 'CONVISTAT 20MG TABLET', 0),
(405, 10, 'CORCAL PLAIN 225MG TABLET', 0),
(406, 10, 'CRANMED CAPSULE', 0),
(407, 10, 'CREMAHEP SYRUP 200ML', 0),
(408, 10, 'CREMALAX 10MG TABLET', 0),
(409, 10, 'D AZTOR 20 TABLET', 0),
(410, 10, 'DEXIT TABLET', 0),
(411, 10, 'DICLOGEL GEL 30GM', 0),
(412, 10, 'DOXYDAY CAPSULE', 0),
(413, 10, 'DSN CAPSULE ', 0),
(414, 10, 'DUCAINE TABLET', 0),
(415, 10, 'EXEROZ 10MG TABLET ', 0),
(416, 10, 'EZEDOC 10MG TABLET', 0),
(417, 10, 'EZENTIA 10MG TABLET', 0),
(418, 10, 'FENO TG TABLET', 0),
(419, 10, 'FENOBATE 200MG CAPSULE', 0),
(420, 10, 'FINALO 1MG TABLET', 0),
(421, 10, 'FINATE 160MG TABLET', 0),
(422, 10, 'FINEHART TABLET', 0),
(423, 10, 'FLUCOS DUSTING POWDER 75GM', 0),
(424, 10, 'GEMPAR 1K TABLET', 0),
(425, 10, 'GENXVAST 20MG TABLET', 0),
(426, 10, 'GLYVAS 10MG TABLET', 0),
(427, 10, 'GLYVAS F TABLET', 0),
(428, 10, 'JUPIROS F TABLET', 0),
(429, 10, 'JUPIROS 5MG TABLET', 0),
(430, 10, 'JUPIROS 20MG TABLET ', 0),
(431, 10, 'JUPIROS 10MG TABLET', 0),
(432, 10, 'JUPIROS A 75MG CAPSULE', 0),
(433, 10, 'LIPONORM 10MG TABLET ', 0),
(434, 10, 'LIPVAS 20MG TABLET', 0),
(435, 10, 'LOPID 600MG TABLET ', 0),
(436, 10, 'LORLIP CV TABLET ', 0),
(437, 10, 'MACTOR 10MG TABLET', 0),
(438, 10, 'MACTOR 40MG TABLET ', 0),
(439, 10, 'MODLIP 5MG TABLET', 0),
(440, 10, 'MODLIP ASG 20MG CAPSULE', 0),
(441, 10, 'MODLIP 2.5MG TABLET', 0),
(442, 10, 'NEWSTA F 5MG TABLET', 0),
(443, 10, 'NOVASTAT 10MG TABLET', 0),
(444, 10, 'NUSTAT 5MG TABLET', 0),
(445, 10, 'NUSTAT 10MG TABLET', 0),
(446, 10, 'OMNITOR 5MG TABLET', 0),
(447, 10, 'ORVAS 10MG TABLET', 0),
(448, 10, 'ORVAS EZ 10MG TABLET', 0),
(449, 10, 'ORVAS FT TABLET', 0),
(450, 10, 'PLEOTOR 5MG TABLET', 0),
(451, 10, 'PLEOTOR 10MG TABLET', 0),
(452, 10, 'PULMISTAT 10MG TABLET', 0),
(453, 10, 'ROSUKEM FL 10MG TABLET', 0),
(454, 10, 'ROVASTAT 20MG TABLET', 0),
(455, 10, 'ROZAT 10MG TABLET', 0),
(456, 10, 'SIMCARD 10MG TABLET', 0),
(457, 10, 'STORFIB 145MG TABLET ', 0),
(458, 10, 'STORVAS 20MG (BOT) TABLET', 0),
(459, 10, 'TGGOAL 145MG TABLET', 0),
(460, 10, 'TGLIP TABLET', 0),
(461, 10, 'UNISTAR 75MG CAPSULE', 0),
(462, 10, 'UNISTAR 5/75MG TABLET', 0),
(463, 10, 'VAGATOR 10MG TABLET', 0),
(464, 10, 'VASOLIP 10MG TABLET', 0),
(465, 10, 'XTOR F TABLET ', 0),
(466, 10, 'XTOR 40MG TABLET', 0),
(467, 10, 'XTOR 5MG TABLET', 0),
(468, 10, 'Z STAT 5MG TABLET', 0),
(469, 10, 'ZESTOR TABLET', 0),
(470, 10, 'ZOCOR 40MG TABLET', 0),
(471, 10, 'ZOSTA 10MG TABLET', 0),
(472, 11, 'BIOLAC SYRUP 200ML', 0),
(473, 11, 'BIOLAC CAPSULE', 0),
(474, 11, 'BISACAD 5MG TABLET', 0),
(475, 11, 'BOWELL SACHET 10ML', 0),
(476, 11, 'COLVAC 10MG TABLET', 0),
(477, 11, 'CREMAHEP SYRUP 200ML', 0),
(478, 11, 'CREMALAX 10MG TABLET', 0),
(479, 11, 'DERMOYS CREAM 200GM', 0),
(480, 11, 'DERSHINE CREAM 30GM', 0),
(481, 11, 'EMODERM CREAM 50GM', 0),
(482, 11, 'ENCELAX SYRUP 200ML', 0),
(483, 11, 'EVICT SYRUP 450ML', 0),
(484, 11, 'EVOLEX 5MG TABLET', 0),
(485, 11, 'EZLAX 10.4GM POWDER', 0),
(486, 11, 'GERBISA 10MG SUPPOSITORY', 0),
(487, 11, 'GERBISA L SYRUP 120ML', 0),
(488, 11, 'GLUCONORM SR TABLET', 0),
(489, 11, 'GLYREE MP 2 TABLET ', 0),
(490, 11, 'GUTCLEAR SYRUP 200ML', 0),
(491, 11, 'JULAX TABLET', 0),
(492, 11, 'LAXITOL SYRUP 200ML', 0),
(493, 11, 'LAXIWAL SOLUTION 200ML', 0),
(494, 11, 'LAXIWAL SOLUTION 100ML', 0),
(495, 11, 'LOOZ SYRUP 450ML', 0),
(496, 11, 'LUBOWEL 8MCG CAPSULE', 0),
(497, 11, 'MOISTUREX CREAM 75GM', 0),
(498, 11, 'MOISTUREX CALM LOTION 50ML', 0),
(499, 11, 'MOISTUREX SOFT CREAM 100GM', 0),
(500, 11, 'MOISTUREX SOFT CREAM 300GM', 0),
(501, 11, 'MOISTUREX SOFT LOTION 100ML', 0),
(502, 11, 'NULAX SUSPENSION 100ML', 0),
(503, 11, 'OLESOFT LOTION 60ML', 0),
(504, 11, 'OLESOFT MAX CREAM 125GM', 0),
(505, 11, 'OSMITOL SYRUP 100ML', 0),
(506, 11, 'OSMITOL SYRUP 200ML', 0),
(507, 11, 'PEGLEC POWDER SACHET', 0),
(508, 11, 'PEGMOVE POWDER', 0),
(509, 11, 'PICOLAX 10MG TABLET ', 0),
(510, 11, 'RILIZ SYRUP 450ML', 0),
(511, 11, 'SORBILINE SYRUP 100ML', 0),
(512, 11, 'SORLIV SYRUP 200ML', 0),
(513, 11, 'SWIFTOLAC SYRUP 200ML', 0),
(514, 11, 'TORRELAX SYRUP 100ML', 0),
(515, 11, 'TORRELAX SYRUP 200ML', 0),
(516, 12, '3D OHA 2G TABLET', 0),
(517, 12, '3D OHA TABLET', 0),
(518, 12, 'A PHYL CAPSULE', 0),
(519, 12, 'APIFIL LOTION 100ML', 0),
(520, 12, 'AVERTZ 150MG CAPSULE ', 0),
(521, 12, 'BALOFORCE 100MG TABLET', 0),
(522, 12, 'BEN Q MET LS TABLET', 0),
(523, 12, 'BENFORMIN HS TABLET', 0),
(524, 12, 'CONFLU 150MG CAPSULE', 0),
(525, 12, 'CONGESTYL SYRUP 60ML', 0),
(526, 12, 'COSTEAD TABLET', 0),
(527, 12, 'DECROMA 6% CREAM 30GM', 0),
(528, 12, 'DENTACAIN GEL 10GM', 0),
(529, 12, 'DEXAMETHASONE 0.5MG TABLET', 0),
(530, 12, 'DEXONA TABLET', 0),
(531, 12, 'ECHINACEA 400MG CAPSULE', 0),
(532, 12, 'ENTALIV 0.5MG TABLET', 0),
(533, 12, 'ENTEROQUINOL TABLET', 0),
(534, 12, 'ETFORMIN TABLET', 0),
(535, 12, 'FERCEL XT TABLET', 0),
(536, 12, 'FERCEL 300MG CAPSULE', 0),
(537, 12, 'FLUKIT TABLET', 0),
(538, 12, 'FLUNER 5MG TABLET', 0),
(539, 12, 'GETROL FORTE TABLET', 0),
(540, 12, 'GLADOR 1MG TABLET', 0),
(541, 12, 'GLADOR 2MG TABLET', 0),
(542, 12, 'GLIDE 5MG TABLET', 0),
(543, 12, 'HILPIO 15MG TABLET', 0),
(544, 12, 'HUMINSULIN N 100IU INJECTION 10ML', 0),
(545, 12, 'HUMSTARD 30/70 40IU INJECTION 10ML', 0),
(546, 12, 'ILET B1 TABLET', 0),
(547, 12, 'IMEDIAB MP1 500/15MG TABLET', 0),
(548, 12, 'ISRYL M SR 1 TABLET', 0),
(549, 12, 'ISTAMET 50/1000MG TABLET ', 0),
(550, 12, 'JALRA M 50MG/850MG TABLET', 0),
(551, 12, 'JALRA M 1000', 0),
(552, 12, 'JANUMET 50/1GM TABLET', 0),
(553, 12, 'JANUVIA 25MG TABLET', 0),
(554, 12, 'K GEM TABLET ', 0),
(555, 12, 'K GLIM 1MG TABLET', 0),
(556, 12, 'K PIO 15MG TABLET', 0),
(557, 12, 'K PIO 30MG TABLET', 0),
(558, 12, 'LEVEMIR FLEXPEN INJECTION 3ML', 0),
(559, 12, 'LIPAGLYN 4MG TABLET', 0),
(560, 12, 'LIPI EZ 10MG TABLET', 0),
(561, 12, 'LIPI M TABLET', 0),
(562, 12, 'LIZ M TABLET', 0),
(563, 12, 'LUNCH ON 0.5MG TABLET', 0),
(564, 12, 'LUPISULIN N INJECTION 40IU', 0),
(565, 12, 'MEFOMIN SR 500MG TABLET', 0),
(566, 12, 'MEGABOSE 0.3MG TABLET', 0),
(567, 12, 'METBETIC 500MG TABLET', 0),
(568, 12, 'METCHEK SR 1GM TABLET', 0),
(569, 12, 'METFFIL G1 TABLET', 0),
(570, 12, 'NEUROMIN M SYRUP 100ML', 0),
(571, 12, 'NOVOMIX 30 FLEXPEN INJECTION 3ML', 0),
(572, 12, 'NOVONORM 0.5MG TABLET', 0),
(573, 12, 'O BERRY 0.3MG TABLET', 0),
(574, 12, 'OBAX TABLET ', 0),
(575, 12, 'OGLO 45MG TABLET', 0),
(576, 12, 'OKAMET TABLET', 0),
(577, 12, 'PATH 15MG TABLET', 0),
(578, 12, 'PIO M 15MG TABLET ', 0),
(579, 12, 'PIO M 30MG TABLET', 0),
(580, 12, 'PIOREST 15MG TABLET', 0),
(581, 12, 'Q MET XL TABLET ', 0),
(582, 12, 'Q MET 500MG TABLET', 0),
(583, 12, 'Q MET 250MG TABLET', 0),
(584, 12, 'RIOMET DUO 1MG TABLET', 0),
(585, 12, 'RIOMET OD 500MG TABLET', 0),
(586, 12, 'RYZODEG FLEX TOUCH PEN 100IU 3ML', 0),
(587, 12, 'SECRETAG 1MG TABLET', 0),
(588, 12, 'STARVOG M 0.2MG TABLET', 0),
(589, 12, 'STARVOG M 0.3MG TABLET', 0),
(590, 12, 'SUCRAZIDE MF FORTE TABLET ', 0),
(591, 12, 'SWITGLIM M 2/500MG TABLET', 0),
(592, 12, 'TRIPRIDE 1MG TABLET', 0),
(593, 12, 'TRIVOLIB 1MG TABLET', 0),
(594, 12, 'TRIVOLIB 2MG TABLET ', 0),
(595, 12, 'TRIVOLIB FORTE 2MG TABLET', 0),
(596, 12, 'TRIVOLIB FORTE 1MG TABLET', 0),
(597, 12, 'VOGS M 0.3 MG TABLET', 0),
(598, 12, 'VOGS M 0.2 MG TABLET', 0),
(599, 12, 'VOZUCA M 0.2MG TABLET', 0),
(600, 12, 'WOSULIN R 40IU INJECTION VAIL 10ML', 0),
(601, 12, 'WOSULIN N 40IU INJECTION VAIL 10ML', 0),
(602, 12, 'WOSULIN 50/50 40IU INJECTION VAIL 10ML', 0),
(603, 12, 'XMET SR 500MG TABLET', 0),
(604, 12, 'XMET P 500MG TABLET', 0),
(605, 12, 'XMET 850MG TABLET', 0),
(606, 12, 'XMET 500MG TABLET', 0),
(607, 12, 'XMET 250MG TABLET', 0),
(608, 12, 'ZIBOSE 0.2MG TABLET', 0),
(609, 12, 'ZICLA M TABLET ', 0),
(610, 12, 'ZIGLIM 1MG TABLET', 0),
(611, 12, 'ZUKER MF TABLET', 0),
(612, 12, 'ZUVOG M 0.2MG TABLET', 0),
(613, 12, 'ZUVOG 0.2MG TABLET', 0),
(614, 13, 'ACECLOREN P TABLET ', 0),
(615, 12, 'ACEDIP TABLET ', 0),
(616, 13, 'AFDERM MX CREAM 15GM', 0),
(617, 12, 'ALPHADOPA 500MG TABLET', 0),
(618, 13, 'AMACE TABLET', 0),
(619, 13, 'AMBRICAN 5MG TABLET', 0),
(620, 13, 'BECORED TR CAPSULE', 0),
(621, 13, 'BENACE 20MG TABLET', 0),
(622, 13, 'BESTFLOW TABLET', 0),
(623, 13, 'BETA ANXIT 20MG TABLET', 0),
(624, 13, 'CALNIF RETARD TABLET ', 0),
(625, 13, 'CARDACE AM 5 TABLET', 0),
(626, 13, 'CARDIBETA XR 25MG TABLET', 0),
(627, 13, 'CARELOL 3.125MG TABLET', 0),
(628, 13, 'CLONEON 150MG INJECTION 1ML', 0),
(629, 13, 'DINE 2.5MG TABLET', 0),
(630, 13, 'DIOVAN 160MG TABLET', 0),
(631, 13, 'DIOVAN 80MG TABLET', 0),
(632, 13, 'DOMEL MT 10MG TABLET', 0),
(633, 13, 'DON LS TABLET', 0),
(634, 13, 'DORIS TABLET', 0),
(635, 13, 'EDETO 10MG TABLET', 0),
(636, 13, 'EFIMOX ER TABLET', 0),
(637, 13, 'EGYTIG INJECTION', 0),
(638, 13, 'ELSAR 50MG TABLET', 0),
(639, 13, 'EVIMETO 50MG TABLET', 0),
(640, 13, 'EXEL GN CREAM 15GM', 0),
(641, 13, 'FAIR EYE CREAM 15GM', 0),
(642, 13, 'FAIRLITE CREAM 20GM', 0),
(643, 13, 'FELOGARD 5MG TABLET', 0),
(644, 13, 'FINABALD 2.5MG TABLET', 0),
(645, 13, 'GAMASCAB LOTION 100ML', 0),
(646, 13, 'GB 40MG TABLET', 0),
(647, 13, 'GIFTAN HC TABLET', 0),
(648, 13, 'GLUCOBAY 50MG TABLET ', 0),
(649, 13, 'HOPECARD 2.5MG CAPSULE', 0),
(650, 13, 'HOPERAM 2.5MG TABLET', 0),
(651, 13, 'HYTEL H TABLET', 0),
(652, 13, 'HYTRIN 1MG TABLET ', 0),
(653, 13, 'INDERAL 40MG TABLET', 0),
(654, 13, 'INDICARD 2.5MG TABLET', 0),
(655, 13, 'INDITEL AM 80MG TABLET', 0),
(656, 13, 'INDITOR SR 1.5MG TABLET', 0),
(657, 13, 'KIMET XL 50MG TABLET', 0),
(658, 13, 'KIMET XL 12.5MG TABLET', 0),
(659, 13, 'LHD 10MG TABLET', 0),
(660, 13, 'LIFEPILL 3 CAPSULE', 0),
(661, 13, 'LN BETA 2.5 TABLET', 0),
(662, 13, 'LNBLOC 10MG TABLET', 0),
(663, 13, 'LOT H 50MG TABLET', 0),
(664, 13, 'LOTACE H 50MG TABLET', 0),
(665, 13, 'METFIRST T 50MG TABLET', 0),
(666, 13, 'METO AM 25MG TABLET', 0),
(667, 13, 'MYO MR TABLET', 0),
(668, 13, 'MYOPROL XL 25MG TABLET', 0),
(669, 13, 'NEBI 5MG TABLET', 0),
(670, 13, 'NEBULA AM TABLET', 0),
(671, 13, 'NEUAL 20MG TABLET', 0),
(672, 13, 'NUSAR H TABLET', 0),
(673, 13, 'OMEN CT TABLET', 0),
(674, 13, 'OMNITAN H TABLET', 0),
(675, 13, 'OPTIDOZ TABLET', 0),
(676, 13, 'ORTAN H 20MG TABLET', 0),
(677, 13, 'PINE 5MG TABLET', 0),
(678, 13, 'PLENDIL 10MG TABLET', 0),
(679, 13, 'PRONATE 10MG TABLET', 0),
(680, 13, 'PROVANOL SR 40MG TABLET', 0),
(681, 13, 'REVAS AT TABLET', 0),
(682, 13, 'RIL A CAPSULE', 0),
(683, 13, 'STARCAD BETA 25MG TABLET', 0),
(684, 13, 'STARPRESS AM XL 50MG TABLET', 0),
(685, 13, 'STARPRESS R XL 25MG TABLET', 0),
(686, 13, 'SUSTAMETO 25MG TABLET', 0),
(687, 13, 'SUSTAMETO 50MG TABLET', 0),
(688, 13, 'T MART H 80MG TABLET', 0),
(689, 13, 'TAH 80MG TABLET', 0),
(690, 13, 'TECBETA AM TABLET', 0),
(691, 13, 'TELBLOK H TABLET', 0),
(692, 13, 'TWINTEL 40MG TABLET', 0),
(693, 13, 'VALENT H TABLET', 0),
(694, 13, 'VALFECT 80MG TABLET', 0),
(695, 13, 'VALFECT 40MG TABLET', 0),
(696, 13, 'VIVALOL AM 50MG TABLET', 0),
(697, 13, 'WELTELMI 40MG TABLET ', 0),
(698, 13, 'WELTELMI AM 40MG TABLET', 0),
(699, 13, 'WELTELMI CT 40MG TABLET', 0),
(700, 13, 'XARB 150MG TABLET', 0),
(701, 13, 'XSTAN H TABLET', 0),
(702, 13, 'ZIRAM 2.5MG CAPSULE', 0),
(703, 13, 'ZITELMI H TABLET', 0),
(704, 14, 'METHIMEZ 10MG TABLET', 0),
(705, 14, 'METHIMEZ 5MG TABLET', 0),
(706, 14, 'NEO MERCAZOLE 5MG TABLET', 0),
(707, 14, 'NEO MERCAZOLE 20MG TABLET', 0),
(708, 14, 'NEO MERCAZOLE 10MG TABLET', 0),
(709, 14, 'PTH 30MG TABLET', 0),
(710, 14, 'SENACEPT 60MG TABLET', 0),
(711, 14, 'SENACEPT 30MG TABLET', 0),
(712, 14, 'THYRODIP 5MG TABLET', 0),
(713, 14, 'THYROFIT 75MCG TABLET', 0),
(714, 14, 'THYROFIT 25MCG TABLET', 0),
(715, 14, 'THYROMED 50MCG TABLET', 0),
(716, 14, 'THYRONORM 88MCG TABLET', 0),
(717, 14, 'THYRONORM 100MCG TABLET', 0),
(718, 14, 'THYROTOP 100MCG TABLET', 0),
(719, 14, 'THYROUP 25MCG TABLET', 0),
(720, 14, 'THYROUP 150MCG TABLET', 0),
(721, 14, 'THYROX 25MCG TABLET', 0),
(722, 14, 'THYROX 100MCG TABLET', 0),
(723, 14, 'UTHYROX 50MCG TABLET', 0),
(724, 14, 'UTHYROX 25MCG TABLET ', 0),
(725, 14, 'UTHYROX 12.5MCG TABLET', 0),
(726, 15, 'ELTROXIN 100MCG TABLET ', 0),
(727, 15, 'ELTROXIN 50MCG TABLET', 0),
(728, 15, 'ELTROXIN 75MCG TABLET', 0),
(729, 15, 'ELTROXIN 25MCG TABLET ', 0),
(730, 15, 'ELTROXIN 125MCG TABLET', 0),
(731, 15, 'EUTHYROID 50MCG TABLET', 0),
(732, 15, 'EUTHYROID 25MCG TABLET', 0),
(733, 15, 'EUTHYROID 100MCG TABLET', 0),
(734, 15, 'LETHYROX 50MCG TABLET ', 0),
(735, 15, 'LETHYROX 100MCG TABLET ', 0),
(736, 15, 'LETHYROX 75MCG TABLET ', 0),
(737, 15, 'LETHYROX 12.5MCG TABLET', 0),
(738, 15, 'LETHYROX 25MCG TABLET', 0),
(739, 15, 'SUNTHYROID 100MG TABLET', 0),
(740, 15, 'SUNTHYROID 25MG TABLET', 0),
(741, 15, 'SUNTHYROID 50MG TABLET', 0),
(742, 15, 'THORMONE 50MCG TABLET', 0),
(743, 15, 'THYROMED 25MCG TABLET', 0),
(744, 15, 'THYROMED 100MCG TABLET', 0),
(745, 15, 'THYROMED 75MCG TABLET', 0),
(746, 15, 'THYROWEEK 100MG TABLET', 0),
(747, 15, 'THYROX 200MCG TABLET', 0),
(748, 15, 'THYROX 125MCG TABLET', 0),
(749, 15, 'THYROX 75MCG TABLET', 0),
(750, 15, 'THYROX 88MCG TABLET ', 0),
(751, 15, 'THYROX 150MCG TABLET', 0),
(752, 16, 'ACTONEL 35MG TABLET', 0),
(753, 16, 'BANDRONE 50MG TABLET', 0),
(754, 16, 'BIFOSA 70MG TABLET', 0),
(755, 16, 'BIFOSA 35MG TABLET', 0),
(756, 16, 'BONRISE TABLET', 0),
(757, 16, 'BONSPARK NASAL SPRAY', 0),
(758, 16, 'CALCINASE NASAL SPRAY 30MD', 0),
(759, 16, 'CALCISPRAY NASAL SPRAY 60MD', 0),
(760, 16, 'CALSPRAY 3.7ML', 0),
(761, 16, 'CLOFIRST 75MG TABLET', 0),
(762, 16, 'CLOFIRST AS 75MG TABLET', 0),
(763, 16, 'FLURISH TABLET', 0),
(764, 16, 'FOSAVANCE 70MG/5600IU TABLET', 0),
(765, 16, 'GATIQUIN EYE DROPS 5ML', 0),
(766, 16, 'GATIQUIN P EYE DROPS 10ML', 0),
(767, 16, 'GEMFOS 35MG TABLET', 0),
(768, 16, 'GEMIDRO TABLET', 0),
(769, 16, 'GEMITROL NS NASAL SPRAY 3.7ML', 0),
(770, 16, 'IDROFOS 3MG INJECTION 3ML', 0),
(771, 16, 'IDROFOS 6MG INJECTION 6ML', 0),
(772, 16, 'IDROFOS 150MG TABLET', 0),
(773, 16, 'IDROFOS KIT', 0),
(774, 16, 'MIACALCIC 200IU NASAL INHALER', 0),
(775, 16, 'MIACALCIC 2200IU NASAL SPRAY 2ML', 0),
(776, 16, 'NEWBONA ACTIVE TABLET', 0),
(777, 16, 'NEWBONA FEM TABLET', 0),
(778, 16, 'NEWBONA PLUS CAPSULE', 0),
(779, 16, 'NEWBONA FRAC TABLET', 0),
(780, 16, 'NEWBONA JELLY SACHETS 5GM', 0),
(781, 16, 'NEWBONA A PLUS CAPSULE', 0),
(782, 16, 'NEWBONA TABLET', 0),
(783, 16, 'NEWBONA CAPSULE ', 0),
(784, 16, 'OSTEOFOS 70MG TABLET', 0),
(785, 16, 'OSTEOFOS 35MG TABLET', 0),
(786, 16, 'OSTEOFOS 10MG TABLET', 0),
(787, 16, 'OSTOSPRAY', 0),
(788, 16, 'OSTOSPRAY 3.7ML', 0),
(789, 16, 'RALISTA TABLET', 0),
(790, 16, 'RESTOFOS 70MG TABLET', 0),
(791, 16, 'RISOFOS 35MG TABLET', 0),
(792, 16, 'RISOFOS 75MG TABLET', 0),
(793, 16, 'RISOFOS KIT', 0),
(794, 16, 'RISOFOS 150MG TABLET', 0),
(795, 16, 'THERMOSEAL RA GEL 100GM', 0),
(796, 16, 'THERMOSEAL PASTE 50GM', 0),
(797, 16, 'VEBALONE 150MG TABLET', 0),
(798, 17, 'ALOESOF CREAM 50GM', 0),
(799, 17, 'ANAFLAM XPS TABLET ', 0),
(800, 17, 'ANETOL 1GM INFUSION 100ML', 0),
(801, 17, 'AXCEB TABLET', 0),
(802, 17, 'BECETAB TABLET', 0),
(803, 17, 'BIOCETAMOL 650MG TABLET', 0),
(804, 17, 'BIORICH CAPSULE', 0),
(805, 17, 'BUTODOL 2MG INJECTION 1ML', 0),
(806, 17, 'CHILMOL 250MG SUSPENSION 60ML', 0),
(807, 17, 'CLAFORAN O DT 100MG TABLET', 0),
(808, 17, 'CYCLOMID EYE DROPS 5ML', 0),
(809, 17, 'CYPEE SYRUP 200ML', 0),
(810, 17, 'DENZYME TABLET', 0),
(811, 17, 'DETRUSITOL SR 4MG TABLET', 0),
(812, 17, 'DGM PLUS TABLET', 0),
(813, 17, 'DOLIZA ER 650MG TABLET ', 0),
(814, 17, 'DURAPAIN TABLET', 0),
(815, 17, 'DUTAMAX TABLET ', 0),
(816, 17, 'ELFECOL TABLET', 0),
(817, 17, 'ELFECOL SYRUP 60ML', 0),
(818, 17, 'ELTRODAR CAPSULE', 0),
(819, 17, 'ETICOX 90MG TABLET', 0),
(820, 17, 'ETODY 90MG TABLET', 0),
(821, 17, 'FELDEX TABLET', 0),
(822, 17, 'FEPAMOL 650MG TABLET', 0),
(823, 17, 'FEVASTIN INJECTION 2ML', 0),
(824, 17, 'GEMBONE CAPSULE ', 0),
(825, 17, 'GEMCAL KIT TABLET', 0),
(826, 17, 'GEMCAL PLUS CAPSULE', 0),
(827, 17, 'GEMCAL CAPSULE', 0),
(828, 17, 'GEMCAL GRO SYRUP 200ML', 0),
(829, 17, 'HIFENAC GEL 30GM', 0),
(830, 17, 'HIFENAC INJECTION 1ML', 0),
(831, 17, 'HIFENAC P TABLET ', 0),
(832, 17, 'IMOL PLUS TABLET', 0),
(833, 17, 'IMOL COLD TABLET', 0),
(834, 17, 'IMOL SUSPENSION 60ML', 0),
(835, 17, 'KATADOL CAPSULE', 0),
(836, 17, 'KETOFLAM T 4MG TABLET', 0),
(837, 17, 'KETRIPLIN CREAM 15GM', 0),
(838, 17, 'KETRIPLIN C CREAM 20GM', 0),
(839, 17, 'LOTEMP SUSPENSION 60ML', 0),
(840, 17, 'LRN 8MG TABLET', 0),
(841, 17, 'LUPIRTIN P TABLET', 0),
(842, 17, 'LUPIRTIN CAPSULE', 0),
(843, 17, 'MEFTARIS TABLET', 0),
(844, 17, 'MENOGIA MF TABLET', 0),
(845, 17, 'MICRONAC TABLET ', 0),
(846, 17, 'MUVERA 15MG TABLET', 0),
(847, 17, 'NALFY 10MG INJECTION 1ML', 0),
(848, 17, 'NAPRA D 500MG TABLET', 0),
(849, 17, 'NU 650MG TABLET', 0),
(850, 17, 'OPARA 1GM TABLET', 0),
(851, 17, 'OSTIGARD 100MG CAPSULE ', 0),
(852, 17, 'P 650 TABLET', 0),
(853, 17, 'PACTIV INFUSION 100ML', 0),
(854, 17, 'PAINGESIC 40MG TABLET', 0),
(855, 17, 'PARA 500MG TABLET', 0),
(856, 17, 'PARACETAMOL SYRUP 60ML', 0),
(857, 17, 'PARACETAMOL INJECTION 50ML', 0),
(858, 17, 'PARAFAST INFUSION 100ML', 0),
(859, 17, 'PAUSE INJECTION 5ML', 0),
(860, 17, 'PAUSE SR TABLET', 0),
(861, 17, 'RETENSE TABLET', 0),
(862, 17, 'RETOZ 90MG TABLET', 0),
(863, 17, 'RUFFY 10MG INJECTION 1ML ', 0),
(864, 17, 'SNEPDOL TABLET', 0),
(865, 17, 'SOFIA TM TABLET', 0),
(866, 17, 'SPASMONIL TABLET', 0),
(867, 17, 'TAMFIL S CAPSULE ', 0),
(868, 17, 'TANTUM GEL 30GM', 0),
(869, 17, 'UGESIC GEL 15GM', 0),
(870, 17, 'ULTRACET TABLET', 0),
(871, 17, 'VASFREE 100MG CAPSULE', 0),
(872, 17, 'VASOGRAIN TABLET', 0),
(873, 17, 'WELSET DS SYRUP 60ML', 0),
(874, 17, 'WELSET 650MG TABLET', 0),
(875, 17, 'XENOBID 550MG TABLET', 0),
(876, 17, 'XOFEN SR TABLET ', 0),
(877, 17, 'XYKAA PLUS TABLET', 0),
(878, 17, 'XYKAA RAPID 500MG TABLET', 0),
(879, 17, 'XYKAA EXTEND TABLET', 0),
(880, 17, 'ZENDOL 200MG TABLET ', 0),
(881, 17, 'ZYCEL 100MG CAPSULE ', 0),
(882, 17, 'ZYCEL 200MG CAPSULE', 0),
(883, 17, 'ZYNTAP 50MG TABLET', 0),
(884, 18, 'ABZORB POWDER', 0),
(885, 18, 'ADVOG M 0.3MG FORTE TABLET', 0),
(886, 18, 'AMYLAC LOTION 50ML', 0),
(887, 18, 'ATONIDE GEL 20GM', 0),
(888, 18, 'B BACT OINTMENT 5GM', 0),
(889, 18, 'BACTROBAN OINTMENT 5GM', 0),
(890, 18, 'BACTROBAN CREAM 7.5GM', 0),
(891, 18, 'CANDID POWDER 50GM ', 0),
(892, 18, 'CANSOFT CL VAG SUPPOS', 0),
(893, 18, 'CARTIPRED 8MG TABLET ', 0),
(894, 18, 'CORTRIMA CREAM 15GM', 0),
(895, 18, 'CROTORAX HC CREAM 10GM', 0),
(896, 18, 'DESOWEN LOTION 30ML', 0),
(897, 18, 'DILMINOX 5MG TABLET ', 0),
(898, 18, 'DOSETIL LOTION 30ML', 0),
(899, 18, 'ELIDEL 1% CREAM 10GM', 0),
(900, 18, 'FOURDERM CREAM 20GM', 0),
(901, 18, 'FOURDERM CREAM 10GM', 0),
(902, 18, 'GLAMOR 2MG TABLET', 0),
(903, 18, 'GLAMOR 1MG TABLET', 0),
(904, 18, 'HHDERM CREAM 10GM', 0),
(905, 18, 'HHZOLE CREAM 10GM', 0),
(906, 18, 'IVEPRED 24MG TABLET', 0),
(907, 18, 'IVEPRED 16MG TABLET ', 0),
(908, 18, 'IVEPRED 1GM INJECTION', 0),
(909, 18, 'IVEPRED 500MG INJECTION', 0),
(910, 18, 'KANSEL DS GEL 30GM ', 0),
(911, 18, 'KENOZOLE CREAM 30GM', 0),
(912, 18, 'KETO B CREAM 10GM', 0),
(913, 18, 'LOMICORT 16MG TABLET', 0),
(914, 18, 'LOSWEAT POWDER 75GM', 0),
(915, 18, 'LOTRIL CREAM 10GM', 0),
(916, 18, 'LOTRIL LOTION 15ML', 0),
(917, 18, 'LOTRIL DUSTING POWDER 30GM', 0),
(918, 18, 'MEP 4MG TABLET', 0),
(919, 18, 'MEPRESSO D 40MG INJECTION 2ML', 0),
(920, 18, 'METHONE 4MG TABLET', 0),
(921, 18, 'MPOWER OINTMENT 5GM', 0),
(922, 18, 'MUPACT OINTMENT 5GM', 0),
(923, 18, 'MUPI OINTMENT 5GM', 0),
(924, 18, 'NASOFINE NASAL CREAM 15GM', 0),
(925, 18, 'NEODROL 500MG INJECTION', 0),
(926, 18, 'NUCORT M 4MG TABLET', 0),
(927, 18, 'NUFORCE DUSTING POWDER 75GM', 0),
(928, 18, 'ORAWAYS OINTMENT 5GM', 0),
(929, 18, 'ORNIGREAT MOUTH GEL 10GM', 0),
(930, 18, 'PACROMA CREAM 10GM', 0),
(931, 18, 'PICON CREAM 10GM', 0),
(932, 18, 'PREDACE 16MG TABLET', 0),
(933, 18, 'PREDMET 4MG TABLET', 0),
(934, 18, 'PREDMET EYE DROPS 5ML', 0),
(935, 18, 'RANCOTRIM SYRUP 50ML', 0),
(936, 18, 'REXIZOLE B LOTION 30ML', 0),
(937, 18, 'STERIO 8MG TABLET ', 0),
(938, 18, 'SUPIROCIN B PLUS OINTMENT', 0),
(939, 18, 'T BACT OINTMENT 5GM', 0),
(940, 18, 'TOPIFORT NX SUSPENSION 15ML', 0),
(941, 18, 'TRIAMADERM OINTMENT 15GM ', 0),
(942, 18, 'V WASH PLUS LOTION 100ML', 0),
(943, 18, 'V WASH PLUS LOTION 200ML', 0),
(944, 18, 'VAGI WASH LOTION 100ML', 0),
(945, 18, 'XINASONE CREAM 15GM', 0),
(946, 18, 'XINASONE HP CREAM 15GM', 0),
(947, 18, 'XINASONE C CREAM 15GM', 0),
(948, 18, 'ZEMPRED 8MG TABLET ', 0),
(949, 18, 'ZEMPRED 4MG TABLET', 0),
(950, 18, 'ZEMPRED 16MG TABLET', 0),
(951, 19, 'ESZOPICLONE ', 0),
(952, 19, 'ZALEPLON', 0),
(953, 19, 'ZOLPIDEM', 0),
(954, 18, 'ZOPICLONE', 0),
(955, 19, 'RAMELTEON', 0),
(956, 19, 'SUVOREXANT ', 0),
(957, 19, 'AMOBARBITAL', 0),
(958, 19, 'BUTABARBITAL', 0),
(959, 19, 'PENTOBARBITAL', 0),
(960, 19, 'PHENOBARBITAL', 0),
(961, 19, 'SECOBARBITAL', 0),
(962, 19, 'DIPHENHYDRAMINE', 0),
(963, 19, 'DOXYLAMINE', 0),
(964, 20, 'COBESE 120MG CAPSULE', 0),
(965, 20, 'LIPOCUT 120MG CAPSULE', 0),
(966, 20, 'LIPOCUT 60MG CAPSULE', 0),
(967, 20, 'LIPOPHAGE 60MG TABLET', 0),
(968, 20, 'LIPOPHAGE 120MG TABLET', 0),
(969, 20, 'O STAT 120MG CAPSULE', 0),
(970, 20, 'O STAT 60MG CAPSULE', 0),
(971, 20, 'OBELIT 120MG CAPSULE', 0),
(972, 20, 'OBELIT 60MG CAPSULE ', 0),
(973, 20, 'OBESTAT 10MG CAPSULE ', 0),
(974, 20, 'OBEZITA 60MG CAPSULE', 0),
(975, 20, 'OBEZITA 120MG CAPSULE', 0),
(976, 20, 'OBITROL 60MG CAPSULE', 0),
(977, 20, 'OBITROL 120MG CAPSULE', 0),
(978, 20, 'OLISAT 120MG CAPSULE', 0),
(979, 20, 'OLISAT 60MG CAPSULE ', 0),
(980, 20, 'ORLE 120MG CAPSULE ', 0),
(981, 20, 'ORLE 60MG CAPSULE ', 0),
(982, 20, 'ORLEAN 60MG CAPSULE', 0),
(983, 20, 'ORLEAN 120MG CAPSULE', 0),
(984, 20, 'ORLICA 60MG CAPSULE ', 0),
(985, 20, 'ORLICA 120MG CAPSULE', 0),
(986, 20, 'ORLIMAC CAPSULE', 0),
(987, 20, 'RASVA TABLET', 0),
(988, 20, 'REESHAPE 120MG CAPSULE', 0),
(989, 20, 'REESHAPE 60MG CAPSULE', 0),
(990, 20, 'REESIZE 120MG CAPSULE', 0),
(991, 20, 'REESIZE 60MG CAPSULE', 0),
(992, 20, 'VYFAT 120MG CAPSULE', 0),
(993, 20, 'VYFAT 60MG CAPSULE', 0),
(994, 20, 'XENICAL 120MG CAPSULE', 0),
(995, 20, 'ZEROFAT A CAPSULE', 0),
(996, 20, 'ZEROFAT 60MG CAPSULE ', 0),
(997, 20, 'ZEROFAT 120MG CAPSULE', 0),
(998, 20, 'VENT PD SYRUP 100ML', 0),
(999, 20, 'VENT SF 125MG INHALER 120MD', 0),
(1000, 20, 'VENT SYRUP 100ML', 0),
(1001, 21, 'abc1', 0);

-- --------------------------------------------------------

--
-- Table structure for table `tbl_medicine_type`
--

CREATE TABLE IF NOT EXISTS `tbl_medicine_type` (
  `med_type_id` int(11) NOT NULL AUTO_INCREMENT,
  `med_type` varchar(50) NOT NULL,
  `med_type_status` int(11) NOT NULL,
  PRIMARY KEY (`med_type_id`)
) ENGINE=MyISAM  DEFAULT CHARSET=latin1 AUTO_INCREMENT=21 ;

--
-- Dumping data for table `tbl_medicine_type`
--

INSERT INTO `tbl_medicine_type` (`med_type_id`, `med_type`, `med_type_status`) VALUES
(1, 'Acid Reducers', 0),
(2, 'Antibiotics', 0),
(3, ' Anti-Depressants', 0),
(4, 'Anti-Itch Medications', 0),
(5, 'Anti-Parasitic Drugs', 0),
(6, 'Anti-Tuberculosis (Tb) Medications', 0),
(7, 'Antiviral Drugs', 0),
(8, 'Asthma Medications', 0),
(9, 'Cancer Medications', 0),
(10, 'Cholesterol Medications', 0),
(11, 'Constipation/Laxatives', 0),
(12, 'Diabetes Medications', 0),
(13, 'Hypertension Medications / High Blood Pressure', 0),
(14, ' Hyperthyroidism Medications', 0),
(15, 'Hypothyroidism Medications', 0),
(16, 'Orthopedic Medications', 0),
(17, 'Pain Relievers / Analgesics', 0),
(18, 'Skin Diseases', 0),
(19, 'Sleeping Pills', 0),
(20, 'Weight Loss / Obesity Medications', 0);

-- --------------------------------------------------------

--
-- Table structure for table `tbl_patient`
--

CREATE TABLE IF NOT EXISTS `tbl_patient` (
  `pat_id` int(11) NOT NULL AUTO_INCREMENT,
  `unique_id` varchar(555) NOT NULL,
  `pat_salutation` varchar(10) NOT NULL,
  `pat_first_name` varchar(20) NOT NULL,
  `pat_middle_name` varchar(20) NOT NULL,
  `pat_last_name` varchar(20) NOT NULL,
  `pat_age` int(11) NOT NULL,
  `pat_gender` varchar(10) NOT NULL,
  `pat_address` text NOT NULL,
  `pat_state` varchar(50) NOT NULL,
  `pat_city` varchar(50) NOT NULL,
  `pat_pincode` varchar(8) NOT NULL,
  `pat_mobile_number` varchar(10) NOT NULL,
  `pat_email_id` varchar(50) NOT NULL,
  `pat_occupation` varchar(20) NOT NULL,
  `pat_blood_group` varchar(10) NOT NULL,
  `pat_details` text NOT NULL,
  `pat_password` varchar(20) NOT NULL,
  `pat_confirm_password` varchar(20) NOT NULL,
  `pat_registration_date` date NOT NULL,
  `pat_status` int(11) NOT NULL,
  PRIMARY KEY (`pat_id`)
) ENGINE=MyISAM  DEFAULT CHARSET=latin1 AUTO_INCREMENT=15 ;

--
-- Dumping data for table `tbl_patient`
--

INSERT INTO `tbl_patient` (`pat_id`, `unique_id`, `pat_salutation`, `pat_first_name`, `pat_middle_name`, `pat_last_name`, `pat_age`, `pat_gender`, `pat_address`, `pat_state`, `pat_city`, `pat_pincode`, `pat_mobile_number`, `pat_email_id`, `pat_occupation`, `pat_blood_group`, `pat_details`, `pat_password`, `pat_confirm_password`, `pat_registration_date`, `pat_status`) VALUES
(2, '0', 'Mr.', 'vaibhavbhai', 'joshi', 'joshi', 20, 'Male', 'rajkor', 'rajkot', 'Chhattisgarh (CG)', '360360', '9825098250', 'a@gmail.com', 'business', 'B+ve', 'no', '123456@a', '123456@a', '2016-02-25', 2),
(3, '123456789', 'Miss.', 'tanvi', 'rajeshbhai', 'mehta', 40, 'Female', 'kalwad road', 'gwalior', 'Madhya Pradesh (MP)', '457854', '4568979655', 'tanvi@gmail.com', 'housewife', 'B+ve', 'none', 'tanvi123', 'tanvi123', '2016-02-26', 0),
(4, '0', 'Mrs.', 'Rajvi', 'mithun', 'sheth', 35, 'Female', 'himalaya road  ', 'dehradun', 'Uttarakhand (UK)', '124545', '5645313457', 'sheth@rediffmail.com', 'business woman', 'O+ve', 'non-allergetic', 'mithunsheth', 'mithunsheth', '2016-02-26', 0),
(5, '0', 'Mr.', 'Sonark', 'dineshbhai', 'parekh', 25, 'Male', 'college wadi', 'rajkot', 'Gujarat (GJ)', '360002', '45648979', 'son@gmail.com', 'engineer', 'O-ve', 'asthametic', 'sonu123', 'sonu123', '2016-02-26', 0),
(6, '0', 'Mr.', 'yogesh', 'kiritbhai', 'jasani', 45, 'Male', 'gunda wadi ', 'banglore', 'Karnataka (KA)', '457899', '5646136797', 'ykj@yahoo.co.in', 'businessman', 'A+ve', 'none', 'ykj', 'ykj', '2016-02-26', 0),
(12, '0', 'Mr.', 'manan', 'rishikesh', 'patel', 23, 'Male', 'jhkhjhj', 'hjgjh', 'Jammu and Kashmir (J', '8965874', '789456123', 'mananpatel@yahoo.com', 'student', 'B+ve', 'none', 'manancool123', 'manancool123', '2016-02-26', 0),
(8, '0', 'Mr.', 'harshil', 'rameshbhai', 'bhatt', 22, 'Male', 'baroda road', 'baroda', 'Gujarat (GJ)', '525252', '789456231', 'harshilcool@gmail.com', 'student', 'B+ve', 'non-allergetic', 'harsh456', 'harsh456', '2016-02-26', 0),
(9, '0', 'Miss.', 'nidhi', 'sureshbhai', 'patel', 21, 'Female', 'guwahati road', 'guwahati', 'Madhya Pradesh (MP)', '789789', '546134456', 'nidhu@gmail.com', 'housewife', 'B-ve', 'skin allergy', 'nidhupatel', 'nidhupatel', '2016-02-26', 0),
(10, '0', 'Miss.', 'trushti', 'mukeshbhai', 'patel', 25, 'Female', 'amba wadi', 'surat', 'Gujarat (GJ)', '456789', '1315648975', 'trushtip@gmail.com', 'student', 'AB-ve', 'non', 'trushtu', 'trushtu', '2016-02-26', 0),
(11, '0', 'Miss.', 'chitra', 'harishbhai', 'dalia', 30, 'Female', 'ganesh road', 'kolkata', 'West Bengal(WB)', '897564', '4655989786', 'chitra@gmail.com', 'teacher', 'B+ve', 'none', 'hello123', 'hello123', '2016-02-26', 0),
(13, '0', 'Miss.', 'nikita', 'ganesh', 'gandhi', 29, 'Female', 'hyetsg', 'gtyht', 'Goa (GA)', '2345432', '982456762', 'niku@gmail.com', 'air hostess', 'A-ve', 'hathat', 'nikita123', 'nikita123', '2016-02-27', 0),
(14, '20160321041820', 'Mr.', 'mukesh', 'dhirubhai', 'ambani', 53, 'Male', 'ambani towers', 'mumbai', 'Maharashtra (MH)', '345627', '9999999999', 'ambani@gmail.com', 'businessman', 'A+ve', 'none', 'Ambani@123', 'Ambani@123', '2016-03-21', 0);

-- --------------------------------------------------------

--
-- Table structure for table `tbl_patient_member`
--

CREATE TABLE IF NOT EXISTS `tbl_patient_member` (
  `member_id` int(11) NOT NULL AUTO_INCREMENT,
  `pat_id` int(11) DEFAULT NULL,
  `member_unique_id` varchar(555) NOT NULL,
  `member_salutation` varchar(10) NOT NULL,
  `member_first_name` varchar(40) NOT NULL,
  `member_middle_name` varchar(30) NOT NULL,
  `member_last_name` varchar(30) NOT NULL,
  `member_age` int(11) NOT NULL,
  `member_gender` varchar(10) DEFAULT NULL,
  `member_blood_group` varchar(10) NOT NULL,
  `member_mobile_number` varchar(10) NOT NULL,
  `member_email_id` varchar(40) NOT NULL,
  `member_status` int(11) NOT NULL,
  PRIMARY KEY (`member_id`)
) ENGINE=MyISAM  DEFAULT CHARSET=latin1 AUTO_INCREMENT=7 ;

--
-- Dumping data for table `tbl_patient_member`
--

INSERT INTO `tbl_patient_member` (`member_id`, `pat_id`, `member_unique_id`, `member_salutation`, `member_first_name`, `member_middle_name`, `member_last_name`, `member_age`, `member_gender`, `member_blood_group`, `member_mobile_number`, `member_email_id`, `member_status`) VALUES
(1, 10, '', 'Miss.', 'drashti', 'sumesh', 'patel', 23, 'Female', '', '', '', 0),
(2, 10, '', 'Miss.', 'shrushti', 'kanu', 'patel', 56, 'Female', '', '', '', 0),
(3, 14, '', 'Mr.', 'anil', 'dhirubhai', 'ambani', 45, 'Male', '', '', '', 0),
(4, 14, '', 'Mrs.', 'kokilaben', 'dhirubhai', 'ambani', 87, 'Female', '', '', '', 0),
(5, 14, '20160321054836', 'Mrs.', 'neeta', 'mukesh', 'ambani', 46, 'Female', '', '', '', 0),
(6, 14, '20160407070718', 'Miss.', 'Aliya', 'Mukesh', 'Bhatt', 22, 'Female', 'A+ve', '9999999999', 'aliya@gmail.com', 0);

-- --------------------------------------------------------

--
-- Table structure for table `tbl_query`
--

CREATE TABLE IF NOT EXISTS `tbl_query` (
  `query_id` int(11) NOT NULL AUTO_INCREMENT,
  `query_name` varchar(50) NOT NULL,
  `query_email` varchar(30) NOT NULL,
  `query_subject` varchar(50) DEFAULT NULL,
  `query_message` text NOT NULL,
  `query_status` int(11) NOT NULL,
  PRIMARY KEY (`query_id`)
) ENGINE=MyISAM  DEFAULT CHARSET=latin1 AUTO_INCREMENT=2 ;

--
-- Dumping data for table `tbl_query`
--

INSERT INTO `tbl_query` (`query_id`, `query_name`, `query_email`, `query_subject`, `query_message`, `query_status`) VALUES
(1, 'dcdvf', 'dvsxs', 'scdcvf', 'vfvefd', 0);

-- --------------------------------------------------------

--
-- Table structure for table `tbl_specialist`
--

CREATE TABLE IF NOT EXISTS `tbl_specialist` (
  `sp_id` int(11) NOT NULL AUTO_INCREMENT,
  `sym_id` int(11) NOT NULL,
  `fos_id` int(11) NOT NULL,
  `sp_status` int(11) NOT NULL,
  PRIMARY KEY (`sp_id`)
) ENGINE=MyISAM  DEFAULT CHARSET=latin1 AUTO_INCREMENT=244 ;

--
-- Dumping data for table `tbl_specialist`
--

INSERT INTO `tbl_specialist` (`sp_id`, `sym_id`, `fos_id`, `sp_status`) VALUES
(1, 1, 1, 0),
(2, 2, 1, 0),
(3, 3, 1, 0),
(4, 4, 2, 0),
(5, 5, 2, 0),
(6, 6, 2, 0),
(7, 7, 2, 0),
(8, 8, 2, 0),
(9, 9, 2, 0),
(10, 11, 2, 0),
(11, 12, 2, 0),
(12, 13, 2, 0),
(13, 14, 2, 0),
(14, 15, 2, 0),
(15, 16, 2, 0),
(16, 17, 2, 0),
(17, 18, 2, 0),
(18, 19, 2, 0),
(19, 20, 2, 0),
(20, 21, 2, 0),
(21, 22, 2, 0),
(22, 23, 2, 0),
(23, 24, 2, 0),
(24, 25, 2, 0),
(25, 26, 2, 0),
(26, 27, 2, 0),
(27, 10, 2, 0),
(28, 28, 3, 0),
(29, 29, 3, 0),
(30, 30, 3, 0),
(31, 31, 3, 0),
(32, 32, 3, 0),
(33, 33, 3, 0),
(34, 34, 3, 0),
(35, 35, 3, 0),
(36, 36, 3, 0),
(37, 37, 3, 0),
(38, 38, 3, 0),
(39, 39, 3, 0),
(40, 40, 3, 0),
(41, 41, 3, 0),
(42, 42, 3, 0),
(43, 43, 3, 0),
(44, 17, 4, 0),
(45, 22, 4, 0),
(46, 23, 4, 0),
(47, 44, 4, 0),
(48, 45, 4, 0),
(49, 46, 4, 0),
(50, 47, 4, 0),
(51, 48, 4, 0),
(52, 49, 4, 0),
(53, 50, 4, 0),
(54, 51, 4, 0),
(55, 52, 4, 0),
(56, 53, 4, 0),
(57, 54, 4, 0),
(58, 55, 4, 0),
(59, 56, 4, 0),
(60, 57, 4, 0),
(61, 58, 4, 0),
(62, 60, 4, 0),
(63, 61, 4, 0),
(64, 62, 4, 0),
(65, 63, 4, 0),
(66, 64, 4, 0),
(67, 65, 4, 0),
(68, 66, 5, 0),
(69, 67, 5, 0),
(70, 68, 5, 0),
(71, 69, 5, 0),
(72, 70, 5, 0),
(73, 71, 5, 0),
(74, 72, 6, 0),
(75, 73, 6, 0),
(76, 74, 6, 0),
(77, 75, 6, 0),
(78, 76, 6, 0),
(79, 77, 6, 0),
(80, 78, 6, 0),
(81, 79, 6, 0),
(82, 80, 6, 0),
(83, 81, 6, 0),
(84, 82, 6, 0),
(85, 83, 7, 0),
(86, 84, 7, 0),
(87, 85, 7, 0),
(88, 86, 7, 0),
(89, 87, 7, 0),
(90, 88, 7, 0),
(91, 89, 7, 0),
(92, 90, 7, 0),
(93, 91, 7, 0),
(94, 92, 7, 0),
(95, 93, 7, 0),
(96, 94, 7, 0),
(97, 95, 7, 0),
(98, 96, 7, 0),
(99, 12, 8, 0),
(100, 60, 8, 0),
(101, 61, 8, 0),
(102, 97, 8, 0),
(103, 98, 8, 0),
(104, 99, 8, 0),
(105, 100, 8, 0),
(106, 101, 8, 0),
(107, 102, 8, 0),
(108, 103, 8, 0),
(109, 104, 8, 0),
(110, 105, 8, 0),
(111, 73, 9, 0),
(112, 106, 9, 0),
(113, 107, 9, 0),
(114, 108, 9, 0),
(115, 109, 9, 0),
(116, 110, 9, 0),
(117, 111, 9, 0),
(118, 112, 9, 0),
(119, 113, 9, 0),
(120, 114, 9, 0),
(121, 115, 10, 0),
(122, 116, 10, 0),
(123, 117, 10, 0),
(124, 118, 10, 0),
(125, 119, 10, 0),
(126, 120, 10, 0),
(127, 121, 10, 0),
(128, 122, 10, 0),
(129, 123, 10, 0),
(130, 124, 10, 0),
(131, 125, 10, 0),
(132, 126, 10, 0),
(133, 127, 10, 0),
(134, 128, 10, 0),
(135, 129, 11, 0),
(136, 130, 11, 0),
(137, 131, 11, 0),
(138, 132, 11, 0),
(139, 133, 11, 0),
(140, 134, 11, 0),
(141, 135, 11, 0),
(142, 136, 11, 0),
(143, 137, 11, 0),
(144, 138, 11, 0),
(145, 139, 11, 0),
(146, 140, 11, 0),
(147, 141, 12, 0),
(148, 142, 12, 0),
(149, 143, 12, 0),
(150, 144, 12, 0),
(151, 145, 12, 0),
(152, 146, 12, 0),
(153, 147, 12, 0),
(154, 148, 12, 0),
(155, 149, 12, 0),
(156, 60, 13, 0),
(157, 98, 13, 0),
(158, 150, 13, 0),
(159, 151, 13, 0),
(160, 152, 13, 0),
(161, 153, 13, 0),
(162, 154, 13, 0),
(163, 155, 13, 0),
(164, 156, 13, 0),
(165, 157, 13, 0),
(166, 159, 13, 0),
(167, 160, 13, 0),
(168, 161, 13, 0),
(169, 162, 14, 0),
(170, 163, 14, 0),
(171, 164, 14, 0),
(172, 165, 14, 0),
(173, 166, 14, 0),
(174, 167, 14, 0),
(175, 168, 14, 0),
(176, 169, 14, 0),
(177, 170, 14, 0),
(178, 171, 14, 0),
(179, 172, 14, 0),
(180, 173, 14, 0),
(181, 174, 14, 0),
(182, 175, 14, 0),
(183, 176, 14, 0),
(184, 1, 15, 0),
(185, 2, 15, 0),
(186, 177, 15, 0),
(187, 178, 15, 0),
(188, 179, 15, 0),
(189, 180, 15, 0),
(190, 181, 15, 0),
(191, 182, 15, 0),
(192, 183, 16, 0),
(193, 184, 16, 0),
(194, 185, 16, 0),
(195, 186, 16, 0),
(196, 187, 16, 0),
(197, 188, 16, 0),
(198, 189, 17, 0),
(199, 190, 17, 0),
(200, 191, 17, 0),
(201, 196, 16, 0),
(202, 193, 18, 0),
(203, 194, 18, 0),
(204, 196, 18, 0),
(205, 197, 18, 0),
(206, 198, 18, 0),
(207, 199, 18, 0),
(208, 200, 18, 0),
(209, 201, 18, 0),
(210, 202, 18, 0),
(211, 203, 18, 0),
(212, 204, 18, 0),
(213, 205, 18, 0),
(214, 206, 19, 0),
(215, 207, 20, 0),
(216, 208, 20, 0),
(217, 209, 20, 0),
(218, 210, 20, 0),
(219, 211, 20, 0),
(220, 212, 20, 0),
(221, 213, 20, 0),
(222, 214, 21, 0),
(223, 215, 21, 0),
(224, 216, 21, 0),
(225, 217, 21, 0),
(226, 218, 21, 0),
(227, 219, 21, 0),
(228, 220, 21, 0),
(229, 221, 21, 0),
(230, 222, 21, 0),
(231, 223, 21, 0),
(232, 224, 22, 0),
(233, 225, 22, 0),
(234, 226, 22, 0),
(235, 227, 22, 0),
(236, 228, 22, 0),
(237, 229, 22, 0),
(238, 230, 22, 0),
(239, 231, 22, 0),
(240, 232, 22, 0),
(241, 233, 22, 0),
(242, 234, 22, 0),
(243, 235, 22, 0);

-- --------------------------------------------------------

--
-- Table structure for table `tbl_state`
--

CREATE TABLE IF NOT EXISTS `tbl_state` (
  `state_id` int(10) unsigned NOT NULL AUTO_INCREMENT,
  `state_name` varchar(50) NOT NULL,
  `state_status` int(11) NOT NULL,
  PRIMARY KEY (`state_id`)
) ENGINE=MyISAM  DEFAULT CHARSET=latin1 AUTO_INCREMENT=36 ;

--
-- Dumping data for table `tbl_state`
--

INSERT INTO `tbl_state` (`state_id`, `state_name`, `state_status`) VALUES
(1, 'ANDAMAN AND NICOBAR ISLANDS', 0),
(2, 'ANDHRA PRADESH', 0),
(3, 'ARUNACHAL PRADESH', 0),
(4, 'ASSAM', 0),
(5, 'BIHAR', 0),
(6, 'CHATTISGARH', 0),
(7, 'CHANDIGARH', 0),
(8, 'DAMAN AND DIU', 0),
(9, 'DELHI', 0),
(10, 'DADRA AND NAGAR HAVELI', 0),
(11, 'GOA', 0),
(12, 'GUJARAT', 0),
(13, 'HIMACHAL PRADESH', 0),
(14, 'HARYANA', 0),
(15, 'JAMMU AND KASHMIR', 0),
(16, 'JHARKHAND', 0),
(17, 'KERALA', 0),
(18, 'KARNATAKA', 0),
(19, 'LAKSHADWEEP', 0),
(20, 'MEGHALAYA', 0),
(21, 'MAHARASHTRA', 0),
(22, 'MANIPUR', 0),
(23, 'MADHYA PRADESH', 0),
(24, 'MIZORAM', 0),
(25, 'NAGALAND', 0),
(26, 'ORISSA', 0),
(27, 'PUNJAB', 0),
(28, 'PONDICHERRY', 0),
(29, 'RAJASTHAN', 0),
(30, 'SIKKIM', 0),
(31, 'TAMIL NADU', 0),
(32, 'TRIPURA', 0),
(33, 'UTTARAKHAND', 0),
(34, 'UTTAR PRADESH', 0),
(35, 'WEST BENGAL', 0);

-- --------------------------------------------------------

--
-- Table structure for table `tbl_symptom`
--

CREATE TABLE IF NOT EXISTS `tbl_symptom` (
  `sym_id` int(11) NOT NULL AUTO_INCREMENT,
  `sym_name` varchar(100) NOT NULL,
  `sym_status` int(11) NOT NULL,
  PRIMARY KEY (`sym_id`)
) ENGINE=MyISAM  DEFAULT CHARSET=latin1 AUTO_INCREMENT=236 ;

--
-- Dumping data for table `tbl_symptom`
--

INSERT INTO `tbl_symptom` (`sym_id`, `sym_name`, `sym_status`) VALUES
(1, 'Hearing loss ', 0),
(2, 'Balanced disorder ', 0),
(3, 'Tinnitus', 0),
(4, 'Coughing, especially at night, during exercise or when laughing', 0),
(5, 'Difficulty in breathing', 0),
(6, 'Chest tightness', 0),
(7, 'Shortness of breath', 0),
(8, 'Wheezing (a whistling or squeaky sound in your chest when breathing, especially when exhaling)', 0),
(9, 'Hives (itchy red spots on the skin)', 0),
(10, 'Itching', 0),
(11, 'Nasal congestion (known as rhinitis)', 0),
(12, 'Rash', 0),
(13, 'Scratchy throat', 0),
(14, 'Watery or itchy eyes', 0),
(15, 'Sneezing ', 0),
(16, 'Chronic sinus infections', 0),
(17, 'Vomiting ', 0),
(18, 'Stomach cramps', 0),
(19, 'Repetitive cough', 0),
(20, 'Shock or circulatory collapse', 0),
(21, 'Tight, hoarse throat', 0),
(22, 'Trouble swallowing', 0),
(23, 'Swelling of the tongue, affecting the ability to talk or breathe', 0),
(24, 'Weak pulse', 0),
(25, 'Pale or blue coloring of skin', 0),
(26, 'Dizziness or feeling faint', 0),
(27, 'Anaphylaxis', 0),
(28, 'Severe pressure, squeezing, pain or discomfort in the chest', 0),
(29, 'Pain or discomfort that spreads into the shoulders, neck, arms, or jaw', 0),
(30, 'Chest pain that becomes more intense', 0),
(31, 'Chest pain that isnt relieved by rest', 0),
(32, 'Chest pain with  Sweating, cool, clammy skin, and/or paleness', 0),
(33, 'Chest pain with  Shortness of breath', 0),
(34, 'Chest pain with  Nausea or vomiting', 0),
(35, 'Chest pain with  Dizziness or fainting', 0),
(36, 'Chest pain with  Unexplained weakness or fatigue', 0),
(37, 'Chest pain with  Rapid or irregular pulse', 0),
(38, 'Pain in the jaw, neck, upper back, and/or chest', 0),
(39, 'Hoarseness because of pressure on the vocal cords', 0),
(40, 'Difficulty swallowing', 0),
(41, 'Heart palpitations', 0),
(42, 'Anxiety', 0),
(43, 'Low blood pressure', 0),
(44, 'Bad breath ', 0),
(45, 'Red or swollen gums', 0),
(46, 'Tender or bleeding gums', 0),
(47, 'Painful chewing', 0),
(48, 'Loose teeth', 0),
(49, 'Sensitive teeth', 0),
(50, 'Toothache', 0),
(51, 'Fractured tooth', 0),
(52, 'Inability to bite down on tooth', 0),
(53, 'Tooth abscess', 0),
(54, 'Oral or facial swelling ', 0),
(55, 'Throbbing pain', 0),
(56, 'Partial or total loss of a blood clot in the tooth socket after a tooth extraction', 0),
(57, 'Redness of the mouth and face', 0),
(58, 'Nausea', 0),
(60, 'Fever', 0),
(61, 'Chills', 0),
(62, 'Deep cavities', 0),
(63, 'Gum inflammation', 0),
(64, 'Pus drainage', 0),
(65, 'Sometimes limited ability to open the mouth ', 0),
(66, 'Diminish wrinkles, age spots, and other signs of aging', 0),
(67, 'Have less noticeable acne scars', 0),
(68, 'Look more like themselves after surgery to remove skin cancer', 0),
(69, 'Patches of red, inflamed skin', 0),
(70, 'Fingernail and toenail problems', 0),
(71, 'Scalp problems', 0),
(72, 'Menopause', 0),
(73, 'Diabetes', 0),
(74, 'Metabolic disorders', 0),
(75, 'Lack of growth', 0),
(76, 'Osteoporosis', 0),
(77, 'Thyroid diseases', 0),
(78, 'Cancers of the endocrine glands', 0),
(79, 'Over- or under-production of hormones', 0),
(80, 'Cholesterol disorders', 0),
(81, 'Hypertension', 0),
(82, 'Infertility', 0),
(83, 'Cramps ', 0),
(84, 'Acne', 0),
(85, 'Weight issues', 0),
(86, 'Feeling depressed', 0),
(87, 'Bleeding between periods', 0),
(88, 'Problem periods / missed periods', 0),
(89, 'Frequent and urgent need to urinate, or a burning sensation during urination', 0),
(90, 'Abnormal vaginal bleeding, particularly during or after intercourse', 0),
(91, 'Pain or pressure in your pelvis that differs from menstrual cramps', 0),
(92, 'Itching, burning, swelling, redness, or soreness in the vaginal area', 0),
(93, 'Sores or lumps in the genital area', 0),
(94, 'Vaginal discharge with an unpleasant or unusual odor, or of an unusual color', 0),
(95, 'Increased vaginal discharge', 0),
(96, 'Pain or discomfort during intercourse', 0),
(97, 'Diarrhea', 0),
(98, 'Fatigue', 0),
(99, 'Muscle aches', 0),
(100, 'Coughing', 0),
(101, 'Have been bitten by an animal', 0),
(102, 'Are having trouble breathing', 0),
(103, 'Have severe headache with fever', 0),
(104, 'Have unexplained or prolonged fever', 0),
(105, 'Have sudden vision problems', 0),
(106, 'Respiratory disease', 0),
(107, 'Vascular and heart disease', 0),
(108, 'Blood problems', 0),
(109, 'Kidney problems', 0),
(110, 'Joint and rheumatologic problems', 0),
(111, 'Digestive problems', 0),
(112, 'Endocrine and hormonal problems', 0),
(113, 'Neurological problems', 0),
(114, 'Infectious disease', 0),
(115, 'Anemia', 0),
(116, 'Breathing problems', 0),
(117, 'Congenital heart defects', 0),
(118, 'Feeding issues', 0),
(119, 'Gastroschisis', 0),
(120, 'Hypoglycemia', 0),
(121, 'Inability to control body heat', 0),
(122, 'Intrauterine growth restriction (IUGR)', 0),
(123, 'Intraventricular hemorrhage (IVH)', 0),
(124, 'Jaundice', 0),
(125, 'Macrosomia', 0),
(126, 'Necrotizing enterocolitis (NEC)', 0),
(127, 'Retinopathy of prematurity (ROP)', 0),
(128, 'Sepsis', 0),
(129, 'coordination problems', 0),
(130, 'muscle weakness', 0),
(131, 'decrease in sensation', 0),
(132, 'seizure disorders, such as epilepsy', 0),
(133, 'infections of the nervous system, including encephalitis, meningitis, or brain abscesses', 0),
(134, 'neurodegenerative disorders', 0),
(135, 'spinal cord disorders', 0),
(136, 'headaches, such as cluster headaches, migraines, and headaches of unknown origin', 0),
(137, 'Cerebrovascular disease', 0),
(138, 'Demyelinating diseases of the central nervous system', 0),
(139, 'Infections of the brain and peripheral nervous system', 0),
(140, 'Movement disorders', 0),
(141, 'Acute and chronic medical conditions', 0),
(142, 'Adolescent gynecology', 0),
(143, 'Behavioral problems', 0),
(144, 'Cancer', 0),
(145, 'Endocrinology', 0),
(146, 'Health maintenance during pregnancy', 0),
(147, 'Infertility', 0),
(148, 'Operative gynecology', 0),
(149, 'Pregnancy and delivery', 0),
(150, 'Unexplained weight loss', 0),
(151, 'Pain', 0),
(152, 'Darker looking skin (hyperpigmentation)', 0),
(153, 'Yellowish skin and eyes (jaundice)', 0),
(154, 'Reddened skin (erythema)', 0),
(155, 'Itching (pruritis)', 0),
(156, 'Excessive hair growth', 0),
(157, 'Change in bowel habits or bladder function', 0),
(158, 'Sores that do not heal', 0),
(159, 'White patches inside the mouth or white spots on the tongue', 0),
(160, 'Thickening or lump in the breast or other parts of the body', 0),
(161, 'Nagging cough or hoarseness', 0),
(162, 'A dull ache or pain during activity', 0),
(163, 'Tenderness, particularly in the morning, above the heel bone', 0),
(164, 'Stiffness that improves as the tendon warms up', 0),
(165, 'Mild swelling or a bump', 0),
(166, 'Walking may become difficult due to soreness', 0),
(167, 'Shoulder pain', 0),
(168, 'Popping or clicking in the knee', 0),
(169, 'loss of sensation', 0),
(170, 'Pins and needles', 0),
(171, 'bruising ', 0),
(172, 'Pain that flares with activity and lessens with rest', 0),
(173, 'Hip stiffness and reduced range of motion', 0),
(174, 'Walking with a limp', 0),
(175, 'Knee pain referred from the hip', 0),
(176, 'a feeling of instability', 0),
(177, 'Ear related diseases', 0),
(178, 'Nose related diseases', 0),
(179, 'nasal passage sinuses', 0),
(180, 'larynx (voice box)', 0),
(181, 'upper pharynx (mouth and throat)', 0),
(182, 'Structures of the neck and face.', 0),
(183, 'Injuries', 0),
(184, 'Genetic defects', 0),
(185, 'Malignancies', 0),
(186, 'Organic diseases and dysfunctions', 0),
(187, 'Developmental disorders', 0),
(188, 'Functional problems', 0),
(189, 'Emotional behavioral changes', 0),
(190, 'Stress', 0),
(191, 'Depression', 0),
(192, 'Head pain', 0),
(193, 'Hematoma ', 0),
(194, 'Nerve Damage', 0),
(195, 'Nerve Damage', 0),
(196, 'Infection ', 0),
(197, 'Deep Vein Thrombosis and Pulmonary Embolism', 0),
(198, 'Scarring', 0),
(199, 'General Appearance Dissatisfaction', 0),
(200, 'Organ Damage', 0),
(201, 'Anesthesia Complications', 0),
(202, 'Seroma', 0),
(203, 'Blood Loss', 0),
(204, 'Burns', 0),
(205, 'Wounds', 0),
(206, 'Conditions of the foot, ankle, and related structures of the leg', 0),
(207, 'panic attack', 0),
(208, 'frightening hallucinations', 0),
(209, 'thoughts of suicide or hearing voices ', 0),
(210, 'feelings of sadness', 0),
(211, 'hopelessness', 0),
(212, 'anxiousness that never seem to lift ', 0),
(213, 'problems functioning, causing everyday life to feel distorted or out of control', 0),
(214, 'arthritis', 0),
(215, 'autoimmune diseases', 0),
(216, 'pain disorders affecting joints', 0),
(217, 'osteoporosis', 0),
(218, 'rheumatoid arthritis', 0),
(219, 'osteoarthritis', 0),
(220, 'gout', 0),
(221, 'lupus', 0),
(222, 'back pain', 0),
(223, 'tendinitis', 0),
(224, 'Blood in the urine', 0),
(225, 'Pain when you urinate', 0),
(226, 'Changes in urinary pattern', 0),
(227, 'Frequent need to urinate', 0),
(228, 'Inability to urinate', 0),
(229, 'Weak or hesitant urinary stream', 0),
(230, 'Incontinence (difficulty holding urine or leaking)', 0),
(231, 'Pain in the lower abdomen', 0),
(232, 'Frequent urinary tract infections', 0),
(233, 'Male infertility', 0),
(234, 'Male impotence or erectile dysfunction', 0),
(235, 'Mass in testicle', 0);
